fold,seed,machine,acquisition,labels_per_class,active_human_queries,extra_human_queries,total_human_queries,accuracy,macro_f1,balanced_accuracy,qwk,nll,ece,brier,machine_accuracy,frozen_ai_accuracy,human_accuracy,evaluation_human_predictions,fusion_strength,prior_mass
0,1,frozen,random,2,10,0,10,0.61,0.607015718375896,0.61,0.6702557200538358,1.163772379029256,0.17304078814393903,0.55740377594942,0.49,0.49,0.535,200,1.0,1.0
0,1,frozen,random,3,15,0,15,0.625,0.6236181802661204,0.625,0.717815344603381,1.046891186335518,0.08352591039170142,0.5304947540083248,0.49,0.49,0.535,200,0.5,1.0
0,1,frozen,random,4,20,0,20,0.59,0.582307365640699,0.59,0.7048780487804878,1.1202389033510303,0.10897519213464764,0.5775262886850951,0.49,0.49,0.535,200,0.5,5.0
0,1,frozen,random,5,25,0,25,0.605,0.5998964652565055,0.605,0.6726114649681529,1.052961928517194,0.08547976216182497,0.526930554437222,0.49,0.49,0.535,200,1.0,20.0
0,1,frozen,random,6,30,0,30,0.61,0.6052653860443702,0.61,0.6556543837357052,1.0591634666467755,0.09081323178378513,0.5282170539701494,0.49,0.49,0.535,200,1.0,20.0
0,1,frozen,random,7,35,0,35,0.58,0.5719854158903925,0.58,0.7021791767554479,1.1199527991141776,0.11864166650683408,0.5717180153352958,0.49,0.49,0.535,200,0.5,20.0
0,1,frozen,random,8,40,0,40,0.605,0.6006066277763816,0.6050000000000001,0.6334610472541506,1.0620936691051965,0.08025283924781725,0.5300869255311543,0.49,0.49,0.535,200,1.0,20.0
0,2,frozen,random,2,10,0,10,0.615,0.6107389395474502,0.615,0.6708701134930644,1.0781016661697915,0.13118438487568118,0.5347579933759872,0.49,0.49,0.535,200,1.0,20.0
0,2,frozen,random,3,15,0,15,0.62,0.6159440494192268,0.62,0.6760204081632653,1.111451705882538,0.13125920093445298,0.5457025150460322,0.49,0.49,0.535,200,1.0,20.0
0,2,frozen,random,4,20,0,20,0.555,0.5527272555562639,0.5549999999999999,0.6065359477124184,1.4659201823902983,0.25566944109038714,0.6540015837918193,0.49,0.49,0.535,200,1.0,1.0
0,2,frozen,random,5,25,0,25,0.625,0.6215705185605773,0.625,0.6759493670886076,1.0910319683686065,0.10345924516654889,0.5356502698360317,0.49,0.49,0.535,200,1.0,20.0
0,2,frozen,random,6,30,0,30,0.645,0.6433461841546948,0.645,0.678617157490397,1.1519201299918551,0.15541028058154654,0.5459526065977022,0.49,0.49,0.535,200,1.0,5.0
0,2,frozen,random,7,35,0,35,0.645,0.6432160836865662,0.645,0.6864516129032259,1.1574997469109158,0.15605174988881781,0.5505157220430807,0.49,0.49,0.535,200,1.0,5.0
0,2,frozen,random,8,40,0,40,0.63,0.6319013240959566,0.63,0.6958831341301461,1.1810164859686356,0.16392291970161582,0.5655170776931131,0.49,0.49,0.535,200,1.0,5.0
0,3,frozen,random,2,10,0,10,0.58,0.5714117401073924,0.5799999999999998,0.7021791767554479,1.143742631289629,0.06937067771842813,0.5871263581509066,0.49,0.49,0.535,200,0.5,20.0
0,3,frozen,random,3,15,0,15,0.605,0.6013031911433738,0.605,0.6709346991037132,1.075040273378025,0.10052186324417475,0.5311361409645278,0.49,0.49,0.535,200,1.0,20.0
0,3,frozen,random,4,20,0,20,0.62,0.6207055881713416,0.6199999999999999,0.6764346764346765,1.1035579425523105,0.09816740760879242,0.5435528787282949,0.49,0.49,0.535,200,1.0,5.0
0,3,frozen,random,5,25,0,25,0.605,0.601811372457165,0.6050000000000001,0.6548223350253808,1.0710572657289612,0.08735155599116272,0.5328073335070728,0.49,0.49,0.535,200,1.0,20.0
0,3,frozen,random,6,30,0,30,0.605,0.601419850522089,0.6050000000000001,0.6556962025316455,1.0772870758310291,0.0948043853133882,0.5339160373142555,0.49,0.49,0.535,200,1.0,20.0
0,3,frozen,random,7,35,0,35,0.625,0.6257851220746914,0.625,0.6806930693069306,1.115294096584406,0.09698953150459699,0.5418581835775231,0.49,0.49,0.535,200,1.0,5.0
0,3,frozen,random,8,40,0,40,0.6,0.600626454397059,0.6,0.6925972396486826,1.1041225144608897,0.07792392046522711,0.5421999552809436,0.49,0.49,0.535,200,1.0,5.0
0,1,frozen,diverse,2,10,0,10,0.61,0.607015718375896,0.61,0.6702557200538358,1.163772379029256,0.17304078814393903,0.55740377594942,0.49,0.49,0.535,200,1.0,1.0
0,1,frozen,diverse,3,15,0,15,0.62,0.6163396190871755,0.6199999999999999,0.6431478968792401,1.2428159534955574,0.2171030395498793,0.5794286693898748,0.49,0.49,0.535,200,1.0,1.0
0,1,frozen,diverse,4,20,0,20,0.63,0.6282436736146912,0.6300000000000001,0.6817610062893082,1.03103990151565,0.10269071277556417,0.5162384595994537,0.49,0.49,0.535,200,1.0,5.0
0,1,frozen,diverse,5,25,0,25,0.62,0.6151131940156713,0.62,0.6321112515802781,1.1491588952023535,0.18828595751762783,0.5590556035704547,0.49,0.49,0.535,200,1.5,20.0
0,1,frozen,diverse,6,30,0,30,0.63,0.6263206227574044,0.63,0.6306532663316583,1.1145399109386935,0.1626424168740844,0.5451950759019422,0.49,0.49,0.535,200,1.5,20.0
0,1,frozen,diverse,7,35,0,35,0.625,0.6208437539472023,0.625,0.629861982434128,1.1040651879004082,0.16363074519940107,0.5408140891421026,0.49,0.49,0.535,200,1.5,20.0
0,1,frozen,diverse,8,40,0,40,0.61,0.6058273692451694,0.61,0.6345177664974619,1.0285337644069237,0.09771403288828986,0.514995196072364,0.49,0.49,0.535,200,1.0,20.0
0,2,frozen,diverse,2,10,0,10,0.615,0.6107389395474502,0.615,0.6708701134930644,1.0781016661697915,0.13118438487568118,0.5347579933759872,0.49,0.49,0.535,200,1.0,20.0
0,2,frozen,diverse,3,15,0,15,0.62,0.6159705404606212,0.62,0.6666666666666667,1.073141369271045,0.1155303710098514,0.5322684527128304,0.49,0.49,0.535,200,1.0,20.0
0,2,frozen,diverse,4,20,0,20,0.62,0.6163357946472614,0.62,0.7006369426751593,1.0719778556390727,0.1394248577407296,0.5305430722476829,0.49,0.49,0.535,200,1.0,20.0
0,2,frozen,diverse,5,25,0,25,0.62,0.6163357946472614,0.62,0.7006369426751593,1.0789935469800982,0.08411644774053216,0.5338228429906574,0.49,0.49,0.535,200,1.0,20.0
0,2,frozen,diverse,6,30,0,30,0.615,0.607554065912539,0.615,0.6774193548387097,1.1533489841893507,0.16398281700025139,0.5553734488569927,0.49,0.49,0.535,200,1.5,20.0
0,2,frozen,diverse,7,35,0,35,0.615,0.6080890663539065,0.615,0.6658354114713216,1.1771693532602077,0.1722777091597877,0.5630943316895609,0.49,0.49,0.535,200,1.5,20.0
0,2,frozen,diverse,8,40,0,40,0.615,0.6079454288482757,0.615,0.6335403726708074,1.205477880414065,0.18470500418125707,0.5723945731475486,0.49,0.49,0.535,200,1.5,20.0
0,3,frozen,diverse,2,10,0,10,0.58,0.5714117401073924,0.5799999999999998,0.7021791767554479,1.143742631289629,0.06937067771842813,0.5871263581509066,0.49,0.49,0.535,200,0.5,20.0
0,3,frozen,diverse,3,15,0,15,0.595,0.5914325148888316,0.595,0.6760925449871465,1.0720570376652083,0.10529575628383389,0.5344059317200125,0.49,0.49,0.535,200,1.0,20.0
0,3,frozen,diverse,4,20,0,20,0.605,0.6006548381839977,0.605,0.6658163265306123,1.0718293993204866,0.11880055155740843,0.5314795980297528,0.49,0.49,0.535,200,1.0,20.0
0,3,frozen,diverse,5,25,0,25,0.605,0.6000630980547172,0.605,0.6896551724137931,1.0701538053023212,0.11262008029571385,0.5298940626543036,0.49,0.49,0.535,200,1.0,20.0
0,3,frozen,diverse,6,30,0,30,0.61,0.6052282509253137,0.6100000000000001,0.6784810126582279,1.0663636440776596,0.08514908049929916,0.5303569859855639,0.49,0.49,0.535,200,1.0,20.0
0,3,frozen,diverse,7,35,0,35,0.6,0.5952046115901537,0.6,0.6828025477707007,1.0576720440170555,0.09482698854671551,0.5304820962074924,0.49,0.49,0.535,200,1.0,20.0
0,3,frozen,diverse,8,40,0,40,0.6,0.5947999401599804,0.6,0.6922094508301404,1.05145877222852,0.0895936388645782,0.5271361914004955,0.49,0.49,0.535,200,1.0,20.0
0,1,probe,random,2,10,0,10,0.63,0.6288974193930921,0.6300000000000001,0.704,1.1786412817454048,0.1575033178298184,0.5580264916902048,0.46,0.49,0.535,200,1.0,1.0
0,1,probe,random,3,15,0,15,0.59,0.5926967337508053,0.5900000000000001,0.721862871927555,1.0912030352066824,0.1082767778932212,0.5583810372137519,0.46,0.49,0.535,200,0.5,1.0
0,1,probe,random,4,20,0,20,0.585,0.5855640101254136,0.585,0.706786171574904,1.095431406318132,0.09138138613302092,0.5573526044213551,0.46,0.49,0.535,200,1.0,20.0
0,1,probe,random,5,25,0,25,0.59,0.590841840304206,0.5900000000000001,0.7096774193548387,1.0837256574303114,0.09845737215140463,0.5467407231865974,0.46,0.49,0.535,200,1.0,20.0
0,1,probe,random,6,30,0,30,0.575,0.5741045069152573,0.575,0.6819923371647509,1.0883927928826143,0.11086400061970064,0.5466499511889351,0.46,0.49,0.535,200,1.0,20.0
0,1,probe,random,7,35,0,35,0.54,0.5385276024285313,0.54,0.7185185185185186,1.1583108205949868,0.13079804359095754,0.597425960222287,0.46,0.49,0.535,200,0.5,20.0
0,1,probe,random,8,40,0,40,0.565,0.5640710167025956,0.5650000000000001,0.6709346991037132,1.0919416972248508,0.12844240406833818,0.5479728727274774,0.46,0.49,0.535,200,1.0,20.0
0,2,probe,random,2,10,0,10,0.605,0.6021965018167219,0.605,0.6649417852522639,1.1644940779869888,0.15172399915425422,0.5633122654424023,0.46,0.49,0.535,200,1.5,20.0
0,2,probe,random,3,15,0,15,0.605,0.6018392071757089,0.605,0.5964467005076142,1.3038213482682302,0.21675272796732603,0.6022802477674131,0.46,0.49,0.535,200,1.5,20.0
0,2,probe,random,4,20,0,20,0.555,0.5563058412414545,0.555,0.6322751322751323,1.479087741124517,0.2584093746592928,0.6624164671032904,0.46,0.49,0.535,200,1.0,1.0
0,2,probe,random,5,25,0,25,0.615,0.615146575037264,0.615,0.7148488830486202,1.1722514107065138,0.14633004859004828,0.5576788168085597,0.46,0.49,0.535,200,1.0,5.0
0,2,probe,random,6,30,0,30,0.625,0.6266465249882697,0.625,0.7052631578947368,1.1770711268995635,0.14066969941391347,0.5528991094129004,0.46,0.49,0.535,200,1.0,5.0
0,2,probe,random,7,35,0,35,0.62,0.6213413207816287,0.6199999999999999,0.7035573122529644,1.1835025407285829,0.14895258945919196,0.5589351591666436,0.46,0.49,0.535,200,1.0,5.0
0,2,probe,random,8,40,0,40,0.625,0.629008291183104,0.625,0.7381275440976933,1.204733428234577,0.14888564339673588,0.5714033030135469,0.46,0.49,0.535,200,1.0,5.0
0,3,probe,random,2,10,0,10,0.59,0.5902788434462144,0.5900000000000001,0.7033792240300376,1.105550957623488,0.10319558560698859,0.5602041962886958,0.46,0.49,0.535,200,1.0,20.0
0,3,probe,random,3,15,0,15,0.605,0.604449945502577,0.6050000000000001,0.6878980891719746,1.0987815134028955,0.12954200174072,0.5453222938889205,0.46,0.49,0.535,200,1.0,20.0
0,3,probe,random,4,20,0,20,0.57,0.5708742066279686,0.5700000000000001,0.684531059683313,1.1335674062564731,0.12525570328118987,0.5629890298375965,0.46,0.49,0.535,200,1.0,5.0
0,3,probe,random,5,25,0,25,0.58,0.580186334782826,0.5799999999999998,0.6941323345817727,1.1025098100817723,0.1023221747812976,0.5531717225708158,0.46,0.49,0.535,200,1.0,20.0
0,3,probe,random,6,30,0,30,0.58,0.5803798484620403,0.5800000000000001,0.6733668341708543,1.106114738631913,0.11753612546475761,0.5525411141284884,0.46,0.49,0.535,200,1.0,20.0
0,3,probe,random,7,35,0,35,0.59,0.5901810562780403,0.5900000000000001,0.6914498141263941,1.144650703071634,0.13754101186173628,0.5610324849654902,0.46,0.49,0.535,200,1.0,5.0
0,3,probe,random,8,40,0,40,0.58,0.5802101854577568,0.5800000000000001,0.71267252195734,1.1407413897653071,0.12348817377480457,0.5665972577006879,0.46,0.49,0.535,200,1.0,5.0
0,1,probe,diverse,2,10,0,10,0.63,0.6288974193930921,0.6300000000000001,0.704,1.1786412817454048,0.1575033178298184,0.5580264916902048,0.46,0.49,0.535,200,1.0,1.0
0,1,probe,diverse,3,15,0,15,0.63,0.6274928801471125,0.63,0.6901041666666667,1.2053461973602224,0.20471707514559245,0.563593844382953,0.46,0.49,0.535,200,1.0,1.0
0,1,probe,diverse,4,20,0,20,0.63,0.6286342924227425,0.63,0.695201037613489,1.202700437275436,0.20656982704771526,0.5594770732734324,0.46,0.49,0.535,200,1.0,1.0
0,1,probe,diverse,5,25,0,25,0.635,0.6332786110369205,0.6349999999999999,0.6778783958602845,1.247952154756678,0.21894581815470313,0.5688211342364453,0.46,0.49,0.535,200,1.0,1.0
0,1,probe,diverse,6,30,0,30,0.635,0.6317547567679574,0.635,0.6866840731070496,1.689371648726982,0.2582544476666877,0.6194059700395109,0.46,0.49,0.535,200,1.5,1.0
0,1,probe,diverse,7,35,0,35,0.64,0.638878261484432,0.64,0.6866059817945384,1.317396762109028,0.23978160852274916,0.5741549490850391,0.46,0.49,0.535,200,1.5,5.0
0,1,probe,diverse,8,40,0,40,0.625,0.6225371027369178,0.625,0.6735483870967742,1.1628125944369792,0.1729310191590338,0.5539754056581061,0.46,0.49,0.535,200,1.5,20.0
0,2,probe,diverse,2,10,0,10,0.605,0.6021965018167219,0.605,0.6649417852522639,1.1644940779869888,0.15172399915425422,0.5633122654424023,0.46,0.49,0.535,200,1.5,20.0
0,2,probe,diverse,3,15,0,15,0.595,0.5945178216775477,0.5950000000000001,0.6355140186915889,1.2697794974159589,0.1711761944243908,0.5939953060811254,0.46,0.49,0.535,200,1.5,5.0
0,2,probe,diverse,4,20,0,20,0.61,0.611651124417967,0.61,0.6648936170212766,1.3180547106455867,0.1874577766759296,0.5924248828995173,0.46,0.49,0.535,200,1.5,5.0
0,2,probe,diverse,5,25,0,25,0.62,0.617054620954517,0.62,0.6517739816031538,1.1882668749103236,0.16498172670197023,0.5622139064034949,0.46,0.49,0.535,200,1.5,20.0
0,2,probe,diverse,6,30,0,30,0.63,0.6263682906335892,0.6300000000000001,0.6571056062581486,1.1858294034527728,0.16211542129906503,0.5595991071673329,0.46,0.49,0.535,200,1.5,20.0
0,2,probe,diverse,7,35,0,35,0.615,0.6122510366153631,0.615,0.6816976127320955,1.3462496709107594,0.18754308926655933,0.5817714707471542,0.46,0.49,0.535,200,1.5,5.0
0,2,probe,diverse,8,40,0,40,0.62,0.6164673851856696,0.62,0.6770025839793281,1.161682211147328,0.1462584162800204,0.5537979174032205,0.46,0.49,0.535,200,1.5,20.0
0,3,probe,diverse,2,10,0,10,0.59,0.5902788434462144,0.5900000000000001,0.7033792240300376,1.105550957623488,0.10319558560698859,0.5602041962886958,0.46,0.49,0.535,200,1.0,20.0
0,3,probe,diverse,3,15,0,15,0.63,0.62883393782176,0.6299999999999999,0.6474278544542033,1.1954163985384838,0.19829940291734463,0.5699663081741504,0.46,0.49,0.535,200,1.5,20.0
0,3,probe,diverse,4,20,0,20,0.64,0.6379167459132227,0.64,0.6525529265255292,1.1825471882101286,0.1985341500104654,0.5645615930269099,0.46,0.49,0.535,200,1.5,20.0
0,3,probe,diverse,5,25,0,25,0.595,0.5960343038330157,0.595,0.685,1.1199505367223763,0.12808248363922753,0.5451103113467478,0.46,0.49,0.535,200,1.0,5.0
0,3,probe,diverse,6,30,0,30,0.61,0.6108157572012993,0.6100000000000001,0.6947890818858561,1.1120149459958588,0.12226180583730362,0.5385155270502664,0.46,0.49,0.535,200,1.0,5.0
0,3,probe,diverse,7,35,0,35,0.605,0.6054193154380431,0.6050000000000001,0.6804878048780487,1.1076153650626304,0.13648895554357077,0.5341905409890958,0.46,0.49,0.535,200,1.0,5.0
0,3,probe,diverse,8,40,0,40,0.62,0.6172743679085142,0.6200000000000001,0.6996197718631179,1.081619708703052,0.12091451966950957,0.531840653407395,0.46,0.49,0.535,200,1.5,20.0
1,1,frozen,random,2,10,0,10,0.515,0.512615358987173,0.515,0.6850961538461539,1.1583709780545366,0.09526013826921076,0.6085073383914792,0.475,0.475,0.515,200,0.5,20.0
1,1,frozen,random,3,15,0,15,0.505,0.5031086697878522,0.5050000000000001,0.6987951807228916,1.1606779339759385,0.08954389313537747,0.6100731394314961,0.475,0.475,0.515,200,0.5,20.0
1,1,frozen,random,4,20,0,20,0.51,0.506866779580825,0.51,0.6981818181818182,1.1590578968723426,0.08200074946150501,0.6104586600694775,0.475,0.475,0.515,200,0.5,20.0
1,1,frozen,random,5,25,0,25,0.52,0.5163826990090252,0.5199999999999999,0.6934306569343065,1.1699543363992653,0.08787434924072557,0.6155012391866443,0.475,0.475,0.515,200,0.5,20.0
1,1,frozen,random,6,30,0,30,0.515,0.5118496143987245,0.5149999999999999,0.6910866910866911,1.1672079688359218,0.07347443841557301,0.614631464513257,0.475,0.475,0.515,200,0.5,20.0
1,1,frozen,random,7,35,0,35,0.515,0.5100387616861705,0.515,0.6909975669099757,1.1471926375665586,0.07192624303154938,0.6042748047773682,0.475,0.475,0.515,200,0.5,20.0
1,1,frozen,random,8,40,0,40,0.535,0.5310599206215285,0.535,0.6966019417475728,1.1338414708113373,0.06488887416473696,0.5979960713103739,0.475,0.475,0.515,200,0.5,20.0
1,2,frozen,random,2,10,0,10,0.565,0.5566190739953116,0.565,0.725219573400251,1.0938098603765614,0.10821545436192008,0.5747892528669112,0.475,0.475,0.515,200,1.0,20.0
1,2,frozen,random,3,15,0,15,0.56,0.5517548813611438,0.5599999999999999,0.7150000000000001,1.099993991636036,0.0864222766840285,0.5777690577302108,0.475,0.475,0.515,200,1.0,20.0
1,2,frozen,random,4,20,0,20,0.535,0.523547058001408,0.535,0.7227722772277227,1.1335265349980803,0.10279906870048301,0.5947367341962666,0.475,0.475,0.515,200,1.0,5.0
1,2,frozen,random,5,25,0,25,0.545,0.5301973108245088,0.5449999999999999,0.6750313676286073,1.1169019587228117,0.1195750606276316,0.5843615336369389,0.475,0.475,0.515,200,1.0,5.0
1,2,frozen,random,6,30,0,30,0.55,0.536975393809901,0.55,0.6614583333333333,1.1257514100208967,0.12596437196709556,0.5832967585396939,0.475,0.475,0.515,200,1.0,5.0
1,2,frozen,random,7,35,0,35,0.555,0.5381004303043284,0.5549999999999999,0.6934673366834172,1.3126108507889915,0.17131989832866626,0.63194394778582,0.475,0.475,0.515,200,1.0,1.0
1,2,frozen,random,8,40,0,40,0.56,0.5402252315137976,0.5599999999999999,0.6909547738693467,1.3067570199272205,0.17737662986247196,0.625747601418475,0.475,0.475,0.515,200,1.0,1.0
1,3,frozen,random,2,10,0,10,0.485,0.47098786423884376,0.485,0.6980023501762632,1.276312946471745,0.17231590365809724,0.6759555691065005,0.475,0.475,0.515,200,0.5,1.0
1,3,frozen,random,3,15,0,15,0.535,0.5317158130061357,0.535,0.7070217917675545,1.1552942049633141,0.06952243292686161,0.6089893754369616,0.475,0.475,0.515,200,0.5,5.0
1,3,frozen,random,4,20,0,20,0.53,0.5250534286642312,0.53,0.7166666666666667,1.161979761473574,0.07544725371611828,0.617500360410331,0.475,0.475,0.515,200,0.5,5.0
1,3,frozen,random,5,25,0,25,0.53,0.5273332412329703,0.53,0.7250900360144057,1.119971744611921,0.10040368899221248,0.6038156480805609,0.475,0.475,0.515,200,0.5,1.0
1,3,frozen,random,6,30,0,30,0.56,0.5556934238840471,0.5599999999999999,0.7403726708074534,1.0880017081920017,0.11101551250027042,0.5790177572754946,0.475,0.475,0.515,200,1.0,5.0
1,3,frozen,random,7,35,0,35,0.54,0.5391725079602049,0.54,0.7213930348258706,1.1095615614172727,0.11951665771947743,0.5918532617769933,0.475,0.475,0.515,200,0.5,1.0
1,3,frozen,random,8,40,0,40,0.56,0.5570729170551405,0.5599999999999999,0.7396907216494846,1.0546545641709117,0.11718632483918609,0.5592232451453962,0.475,0.475,0.515,200,1.0,5.0
1,1,frozen,diverse,2,10,0,10,0.515,0.512615358987173,0.515,0.6850961538461539,1.1583709780545366,0.09526013826921076,0.6085073383914792,0.475,0.475,0.515,200,0.5,20.0
1,1,frozen,diverse,3,15,0,15,0.535,0.5328306900596058,0.5349999999999999,0.6970091027308192,1.1454267108845482,0.16390866880497484,0.59224776175841,0.475,0.475,0.515,200,1.0,20.0
1,1,frozen,diverse,4,20,0,20,0.57,0.5697696702701118,0.5700000000000001,0.7235142118863049,1.2226356501849036,0.1847388948309284,0.6106970198281879,0.475,0.475,0.515,200,1.0,5.0
1,1,frozen,diverse,5,25,0,25,0.535,0.5326070932812506,0.535,0.7089262613195343,1.1226450971262525,0.15274510386501747,0.5821000031373338,0.475,0.475,0.515,200,1.0,20.0
1,1,frozen,diverse,6,30,0,30,0.55,0.5488209399601806,0.55,0.7109375,1.116813196802451,0.15583095972403935,0.5811525907725736,0.475,0.475,0.515,200,1.0,20.0
1,1,frozen,diverse,7,35,0,35,0.6,0.5947892811308828,0.6,0.7546699875466999,1.1008906810789336,0.13455737352804484,0.5670674462696436,0.475,0.475,0.515,200,1.0,5.0
1,1,frozen,diverse,8,40,0,40,0.595,0.5915882588084218,0.595,0.7515451174289246,1.1039475498043236,0.15970178045060507,0.5682326453840727,0.475,0.475,0.515,200,1.0,5.0
1,2,frozen,diverse,2,10,0,10,0.565,0.5566190739953116,0.565,0.725219573400251,1.0938098603765614,0.10821545436192008,0.5747892528669112,0.475,0.475,0.515,200,1.0,20.0
1,2,frozen,diverse,3,15,0,15,0.59,0.5793759026081033,0.59,0.7304785894206549,1.150177723077954,0.17137797985004136,0.5899797242608622,0.475,0.475,0.515,200,1.5,5.0
1,2,frozen,diverse,4,20,0,20,0.565,0.5551696070211622,0.5650000000000001,0.7326007326007327,1.0810724915706662,0.1478303495662621,0.5679795054052017,0.475,0.475,0.515,200,1.5,5.0
1,2,frozen,diverse,5,25,0,25,0.57,0.560305187367043,0.57,0.7148102815177478,1.053889191976753,0.10235209371092206,0.5600271667287146,0.475,0.475,0.515,200,1.0,5.0
1,2,frozen,diverse,6,30,0,30,0.58,0.5701566992250718,0.58,0.7318840579710144,1.0471303145420705,0.11267223428382415,0.5588255657767697,0.475,0.475,0.515,200,1.0,5.0
1,2,frozen,diverse,7,35,0,35,0.58,0.5736091069424403,0.5800000000000001,0.7339003645200486,1.0422972638305439,0.11241106427079513,0.55831018251148,0.475,0.475,0.515,200,1.0,5.0
1,2,frozen,diverse,8,40,0,40,0.585,0.578331944458182,0.585,0.7335811648079307,1.0461784178228781,0.117787441257273,0.5560670921881615,0.475,0.475,0.515,200,1.0,5.0
1,3,frozen,diverse,2,10,0,10,0.485,0.47098786423884376,0.485,0.6980023501762632,1.276312946471745,0.17231590365809724,0.6759555691065005,0.475,0.475,0.515,200,0.5,1.0
1,3,frozen,diverse,3,15,0,15,0.515,0.5078092962127289,0.5149999999999999,0.6991260923845193,1.1057435364925652,0.10557577240405952,0.5852491226802516,0.475,0.475,0.515,200,1.0,5.0
1,3,frozen,diverse,4,20,0,20,0.53,0.5076368823711134,0.53,0.7383177570093458,1.1093171943366504,0.14813185504862006,0.6059439727668926,0.475,0.475,0.515,200,1.5,5.0
1,3,frozen,diverse,5,25,0,25,0.545,0.5281433518901018,0.545,0.7412587412587412,1.081475664045154,0.13212263013357023,0.5912735576405511,0.475,0.475,0.515,200,1.5,5.0
1,3,frozen,diverse,6,30,0,30,0.55,0.5371231250441675,0.55,0.7360594795539033,1.0653514088302787,0.14013628668007327,0.5689067355259206,0.475,0.475,0.515,200,1.5,5.0
1,3,frozen,diverse,7,35,0,35,0.54,0.5250735766403025,0.54,0.7455197132616487,1.0826915226649354,0.15203723616808013,0.579304399351546,0.475,0.475,0.515,200,1.5,5.0
1,3,frozen,diverse,8,40,0,40,0.575,0.56810132650306,0.575,0.7423687423687424,1.073776485179718,0.15032420843607938,0.5662358448682308,0.475,0.475,0.515,200,1.5,5.0
1,1,probe,random,2,10,0,10,0.515,0.514839407687167,0.515,0.6819923371647509,1.1977578030854492,0.1695077992463947,0.62933824928328,0.455,0.475,0.515,200,1.0,20.0
1,1,probe,random,3,15,0,15,0.475,0.4758006091718697,0.475,0.6774193548387097,1.2435933505880195,0.16316655471404,0.6621577825986339,0.455,0.475,0.515,200,0.5,20.0
1,1,probe,random,4,20,0,20,0.48,0.48070690540728,0.4800000000000001,0.6798516687268232,1.244345003362039,0.1577386869160667,0.6634124343830624,0.455,0.475,0.515,200,0.5,20.0
1,1,probe,random,5,25,0,25,0.525,0.5245963142548509,0.525,0.6884422110552764,1.190754353458708,0.15935118557955297,0.6343031996397169,0.455,0.475,0.515,200,1.0,20.0
1,1,probe,random,6,30,0,30,0.47,0.4707450910826438,0.4699999999999999,0.662531017369727,1.2530099118102498,0.16310113644463572,0.6679493839391665,0.455,0.475,0.515,200,0.5,20.0
1,1,probe,random,7,35,0,35,0.53,0.5292137252126874,0.53,0.6861499364675985,1.1686083860308378,0.14494182172555792,0.622913950481854,0.455,0.475,0.515,200,1.0,20.0
1,1,probe,random,8,40,0,40,0.535,0.5344799481471808,0.535,0.6896551724137931,1.1607377250524245,0.14910117601896303,0.6178913236809916,0.455,0.475,0.515,200,1.0,20.0
1,2,probe,random,2,10,0,10,0.54,0.540230888804191,0.54,0.7146529562982005,1.1764108959229782,0.15659467265229599,0.6206599625044785,0.455,0.475,0.515,200,1.0,20.0
1,2,probe,random,3,15,0,15,0.54,0.5407305419241858,0.54,0.7141041931385006,1.1816016014709187,0.1720000444352396,0.6266530408626426,0.455,0.475,0.515,200,1.0,20.0
1,2,probe,random,4,20,0,20,0.505,0.5042166842166842,0.505,0.7208121827411167,1.2060465884574583,0.18471076411868173,0.6394136465613992,0.455,0.475,0.515,200,1.0,5.0
1,2,probe,random,5,25,0,25,0.515,0.5105310863538711,0.515,0.7177522349936143,1.1858356323190768,0.16940826365753425,0.6266162857494351,0.455,0.475,0.515,200,1.0,5.0
1,2,probe,random,6,30,0,30,0.545,0.5406344707186223,0.545,0.7477592829705506,1.1918489730901727,0.17869150980965634,0.620695623598226,0.455,0.475,0.515,200,1.0,5.0
1,2,probe,random,7,35,0,35,0.525,0.5139547918206454,0.525,0.7403598971722365,1.3579921522277438,0.2371720543694694,0.6596692156552306,0.455,0.475,0.515,200,1.0,1.0
1,2,probe,random,8,40,0,40,0.54,0.5300566273373747,0.5399999999999999,0.7464968152866243,1.3486298793656737,0.22332782835377565,0.6518307699331575,0.455,0.475,0.515,200,1.0,1.0
1,3,probe,random,2,10,0,10,0.485,0.4813757335012777,0.48500000000000004,0.6789667896678967,1.3246645139929816,0.18362888984352216,0.6988501641974719,0.455,0.475,0.515,200,0.5,1.0
1,3,probe,random,3,15,0,15,0.51,0.5106505418267824,0.51,0.7155727155727156,1.1677466041056788,0.15310301895417874,0.6237565735308865,0.455,0.475,0.515,200,1.0,5.0
1,3,probe,random,4,20,0,20,0.49,0.4905317057215791,0.49000000000000005,0.6801007556675063,1.2367031532738921,0.1522348284406244,0.663689503886296,0.455,0.475,0.515,200,0.5,5.0
1,3,probe,random,5,25,0,25,0.505,0.5056691812480636,0.505,0.7058823529411764,1.1582267088993476,0.1588488211320207,0.6289404875599658,0.455,0.475,0.515,200,1.0,5.0
1,3,probe,random,6,30,0,30,0.51,0.5103278938092152,0.51,0.7117346938775511,1.1604138320075672,0.1608696957123283,0.6285182997290718,0.455,0.475,0.515,200,1.0,5.0
1,3,probe,random,7,35,0,35,0.495,0.4967113971695573,0.495,0.6961038961038961,1.2014551879010233,0.2047469227488674,0.6419074185998329,0.455,0.475,0.515,200,1.0,1.0
1,3,probe,random,8,40,0,40,0.525,0.5274788090333281,0.5250000000000001,0.7159533073929961,1.1796903488235357,0.19229809039942414,0.625488027455299,0.455,0.475,0.515,200,1.0,1.0
1,1,probe,diverse,2,10,0,10,0.515,0.514839407687167,0.515,0.6819923371647509,1.1977578030854492,0.1695077992463947,0.62933824928328,0.455,0.475,0.515,200,1.0,20.0
1,1,probe,diverse,3,15,0,15,0.58,0.5824234115423015,0.58,0.7316421895861149,1.3744159955415336,0.23316700993467138,0.65827123847956,0.455,0.475,0.515,200,1.5,20.0
1,1,probe,diverse,4,20,0,20,0.59,0.5923503691322359,0.5900000000000001,0.7449933244325768,1.424817059269658,0.2535111518996851,0.6715979308744715,0.455,0.475,0.515,200,1.5,20.0
1,1,probe,diverse,5,25,0,25,0.575,0.5758444818827367,0.575,0.7454068241469816,1.288616089074001,0.22549802825291154,0.6409898119980443,0.455,0.475,0.515,200,1.5,20.0
1,1,probe,diverse,6,30,0,30,0.575,0.5763206957635477,0.5750000000000001,0.7493540051679586,1.258090933487978,0.21496786531306572,0.6329129680072412,0.455,0.475,0.515,200,1.5,20.0
1,1,probe,diverse,7,35,0,35,0.59,0.5923196238608254,0.5900000000000001,0.7626459143968871,1.276652699123247,0.22546419384358418,0.6369688758391185,0.455,0.475,0.515,200,1.5,20.0
1,1,probe,diverse,8,40,0,40,0.59,0.5924804374449038,0.5900000000000001,0.7638709677419355,1.296486189173443,0.2122400715237177,0.6414009655335684,0.455,0.475,0.515,200,1.5,20.0
1,2,probe,diverse,2,10,0,10,0.54,0.540230888804191,0.54,0.7146529562982005,1.1764108959229782,0.15659467265229599,0.6206599625044785,0.455,0.475,0.515,200,1.0,20.0
1,2,probe,diverse,3,15,0,15,0.55,0.5452832580773659,0.55,0.7461928934010152,1.2031962167943417,0.19795804472839879,0.6151111090274693,0.455,0.475,0.515,200,1.5,5.0
1,2,probe,diverse,4,20,0,20,0.55,0.546299207121992,0.55,0.7432098765432098,1.1471231572197176,0.19053272339053415,0.6037773878397232,0.455,0.475,0.515,200,1.5,5.0
1,2,probe,diverse,5,25,0,25,0.57,0.5696876062875026,0.5700000000000001,0.7357512953367875,1.1920493058995678,0.1921043674727011,0.6137121137967942,0.455,0.475,0.515,200,1.5,20.0
1,2,probe,diverse,6,30,0,30,0.56,0.5545740357334561,0.5599999999999999,0.754950495049505,1.1721869232968165,0.19834559331956086,0.6114368510710151,0.455,0.475,0.515,200,1.5,5.0
1,2,probe,diverse,7,35,0,35,0.545,0.5406644290854512,0.545,0.7460122699386503,1.16081195677625,0.18396588634633376,0.6096009369591616,0.455,0.475,0.515,200,1.5,5.0
1,2,probe,diverse,8,40,0,40,0.55,0.5476913263640434,0.55,0.750920245398773,1.1344589214977092,0.17337307822329753,0.6042480108115443,0.455,0.475,0.515,200,1.5,5.0
1,3,probe,diverse,2,10,0,10,0.485,0.4813757335012777,0.48500000000000004,0.6789667896678967,1.3246645139929816,0.18362888984352216,0.6988501641974719,0.455,0.475,0.515,200,0.5,1.0
1,3,probe,diverse,3,15,0,15,0.535,0.5341658324991658,0.5349999999999999,0.6937738246505718,1.1977392002044436,0.1465910091241232,0.6340555494779291,0.455,0.475,0.515,200,1.0,5.0
1,3,probe,diverse,4,20,0,20,0.555,0.5543117530990691,0.555,0.7164948453608248,1.1434202601885481,0.13424478469598758,0.6059171486493343,0.455,0.475,0.515,200,1.5,20.0
1,3,probe,diverse,5,25,0,25,0.555,0.5533114795866075,0.555,0.7707808564231738,1.1260674031663485,0.16440092889196692,0.6073911059210143,0.455,0.475,0.515,200,1.5,5.0
1,3,probe,diverse,6,30,0,30,0.56,0.5585571899150367,0.5599999999999999,0.752851711026616,1.1125595073842418,0.16148798366867614,0.5984325230499554,0.455,0.475,0.515,200,1.5,5.0
1,3,probe,diverse,7,35,0,35,0.58,0.5766889736760991,0.58,0.7487179487179487,1.1120415874094374,0.14792184344711515,0.5923935273942139,0.455,0.475,0.515,200,1.5,5.0
1,3,probe,diverse,8,40,0,40,0.56,0.5610261167698238,0.5599999999999999,0.7435233160621761,1.139399230626692,0.17391414581252965,0.600873685674461,0.455,0.475,0.515,200,1.5,20.0
2,1,frozen,random,2,10,0,10,0.57,0.5653345898136827,0.57,0.7050359712230216,1.177282027811279,0.16665225889582638,0.5980975623844077,0.5,0.5,0.505,200,1.0,1.0
2,1,frozen,random,3,15,0,15,0.595,0.5900809905221446,0.595,0.6729191090269636,1.0766306600341304,0.08538799894121774,0.5617097671165603,0.5,0.5,0.505,200,0.5,1.0
2,1,frozen,random,4,20,0,20,0.61,0.603764152183126,0.61,0.6546329723225031,1.0655405976792012,0.08740062725510701,0.5538180097468824,0.5,0.5,0.505,200,0.5,1.0
2,1,frozen,random,5,25,0,25,0.61,0.6056516287916589,0.61,0.6329723225030084,1.0444610882189593,0.11035559794621376,0.5397898776692287,0.5,0.5,0.505,200,1.0,5.0
2,1,frozen,random,6,30,0,30,0.61,0.6069513194105681,0.61,0.6594724220623501,1.0616963402712587,0.10212702788075705,0.551002059198375,0.5,0.5,0.505,200,0.5,1.0
2,1,frozen,random,7,35,0,35,0.6,0.5962172575911319,0.6,0.6563614744351962,1.0575852611709176,0.09218074303266888,0.5483322934954238,0.5,0.5,0.505,200,0.5,1.0
2,1,frozen,random,8,40,0,40,0.605,0.5995083726605801,0.605,0.6417910447761195,1.0269490420837613,0.0919338452995886,0.533451630281304,0.5,0.5,0.505,200,1.0,20.0
2,2,frozen,random,2,10,0,10,0.605,0.6004748294302047,0.605,0.6067961165048543,1.0737844331658986,0.13827273122204592,0.5611756913104027,0.5,0.5,0.505,200,2.0,5.0
2,2,frozen,random,3,15,0,15,0.59,0.5852242954225769,0.5900000000000001,0.6603098927294397,1.064135201150873,0.08692140435674359,0.5625073892113791,0.5,0.5,0.505,200,1.0,5.0
2,2,frozen,random,4,20,0,20,0.615,0.6051060098836283,0.615,0.6753246753246753,1.03138779525362,0.09888890906313903,0.543336514452279,0.5,0.5,0.505,200,1.0,5.0
2,2,frozen,random,5,25,0,25,0.595,0.5883672411062322,0.595,0.6294046172539489,1.0269463693718262,0.0904212190256986,0.5390407999103769,0.5,0.5,0.505,200,1.0,20.0
2,2,frozen,random,6,30,0,30,0.61,0.6021951597324733,0.61,0.6397058823529411,1.0141526780866923,0.10393055498477764,0.5314363351409536,0.5,0.5,0.505,200,1.0,20.0
2,2,frozen,random,7,35,0,35,0.615,0.608285826933759,0.615,0.6360248447204969,1.013530931436207,0.10374886392642924,0.5310325486120214,0.5,0.5,0.505,200,1.0,20.0
2,2,frozen,random,8,40,0,40,0.625,0.6188871248374979,0.625,0.6485819975339088,1.0102892070616465,0.11491313514539603,0.5333265655768947,0.5,0.5,0.505,200,1.0,5.0
2,3,frozen,random,2,10,0,10,0.555,0.5473185779307437,0.5549999999999999,0.5878048780487806,1.2240443905573977,0.17029845152217193,0.619090977285017,0.5,0.5,0.505,200,1.0,1.0
2,3,frozen,random,3,15,0,15,0.56,0.5406395463658222,0.5599999999999999,0.6400937866354044,1.1093688322426025,0.10396752026800424,0.5794352586063447,0.5,0.5,0.505,200,0.5,1.0
2,3,frozen,random,4,20,0,20,0.56,0.5379708910154724,0.56,0.6441073512252042,1.0900928530128038,0.10315732481557498,0.5730313906299483,0.5,0.5,0.505,200,0.5,1.0
2,3,frozen,random,5,25,0,25,0.595,0.5873527093237497,0.595,0.653206650831354,1.0612388801046897,0.09458794493793167,0.5572019908197388,0.5,0.5,0.505,200,0.5,1.0
2,3,frozen,random,6,30,0,30,0.615,0.6095711032219858,0.615,0.6543665436654367,1.0247167870552019,0.09783751642379088,0.5331235563121912,0.5,0.5,0.505,200,1.0,20.0
2,3,frozen,random,7,35,0,35,0.58,0.5689545847338308,0.5800000000000001,0.6728323699421965,1.0639172197450752,0.08402852026172503,0.5577895264972429,0.5,0.5,0.505,200,0.5,5.0
2,3,frozen,random,8,40,0,40,0.605,0.5970193924013063,0.6050000000000001,0.6783625730994152,1.043683898491033,0.07445616418502775,0.5469015701835869,0.5,0.5,0.505,200,0.5,1.0
2,1,frozen,diverse,2,10,0,10,0.57,0.5653345898136827,0.57,0.7050359712230216,1.177282027811279,0.16665225889582638,0.5980975623844077,0.5,0.5,0.505,200,1.0,1.0
2,1,frozen,diverse,3,15,0,15,0.59,0.586999231877688,0.5900000000000001,0.653416149068323,1.4094025513112995,0.21006998278137712,0.6207249617894565,0.5,0.5,0.505,200,1.5,1.0
2,1,frozen,diverse,4,20,0,20,0.6,0.5951921205409577,0.6,0.6347150259067358,1.1464163477140579,0.16705248190856442,0.5642828897573507,0.5,0.5,0.505,200,1.5,5.0
2,1,frozen,diverse,5,25,0,25,0.605,0.5996488722513769,0.605,0.6553524804177546,1.1742722219264907,0.17153063551108053,0.5724443096889232,0.5,0.5,0.505,200,1.5,5.0
2,1,frozen,diverse,6,30,0,30,0.605,0.6000252676955788,0.6050000000000001,0.6367137355584083,1.1755950911496051,0.18463966475868815,0.5735746040030537,0.5,0.5,0.505,200,1.5,5.0
2,1,frozen,diverse,7,35,0,35,0.605,0.59799847953406,0.605,0.645326504481434,1.0494074868969863,0.14197708474248943,0.5428331902536603,0.5,0.5,0.505,200,1.5,20.0
2,1,frozen,diverse,8,40,0,40,0.595,0.5875189082732,0.595,0.6304909560723514,1.0346201017747947,0.12995320991837334,0.5368348408847158,0.5,0.5,0.505,200,1.5,20.0
2,2,frozen,diverse,2,10,0,10,0.605,0.6004748294302047,0.605,0.6067961165048543,1.0737844331658986,0.13827273122204592,0.5611756913104027,0.5,0.5,0.505,200,2.0,5.0
2,2,frozen,diverse,3,15,0,15,0.62,0.6148280259793184,0.62,0.6224366706875755,1.061768758439517,0.15287887062599798,0.5567033330876342,0.5,0.5,0.505,200,1.5,5.0
2,2,frozen,diverse,4,20,0,20,0.58,0.574989655357808,0.58,0.5776173285198556,1.1221066787847251,0.21198432716679516,0.5793182335030399,0.5,0.5,0.505,200,1.5,5.0
2,2,frozen,diverse,5,25,0,25,0.605,0.6009321775382581,0.6049999999999999,0.585247883917775,1.1357618385293882,0.18929728925835618,0.5815695017809213,0.5,0.5,0.505,200,1.5,5.0
2,2,frozen,diverse,6,30,0,30,0.61,0.6035921118386054,0.61,0.6184049079754601,1.084507207938209,0.15209995027785195,0.5587157613419159,0.5,0.5,0.505,200,1.5,20.0
2,2,frozen,diverse,7,35,0,35,0.61,0.6052062204192021,0.61,0.6266506602641057,1.0242095800717739,0.14516322019794506,0.5398671077114523,0.5,0.5,0.505,200,1.0,5.0
2,2,frozen,diverse,8,40,0,40,0.605,0.6024081914750561,0.6049999999999999,0.5893491124260355,1.1554063286433685,0.19027303307857418,0.5824340715043145,0.5,0.5,0.505,200,1.0,1.0
2,3,frozen,diverse,2,10,0,10,0.555,0.5473185779307437,0.5549999999999999,0.5878048780487806,1.2240443905573977,0.17029845152217193,0.619090977285017,0.5,0.5,0.505,200,1.0,1.0
2,3,frozen,diverse,3,15,0,15,0.585,0.5828823529411764,0.585,0.5625,1.279394543617118,0.21642126867924072,0.6076295805487469,0.5,0.5,0.505,200,2.0,5.0
2,3,frozen,diverse,4,20,0,20,0.575,0.5731740481740482,0.575,0.5833333333333333,1.586231856743617,0.2761901258210352,0.6804618139223139,0.5,0.5,0.505,200,1.5,1.0
2,3,frozen,diverse,5,25,0,25,0.605,0.6033301002691147,0.605,0.5927710843373494,1.1803902892876186,0.18974906802947053,0.5896236301538753,0.5,0.5,0.505,200,1.5,5.0
2,3,frozen,diverse,6,30,0,30,0.585,0.5840430037000408,0.585,0.558858501783591,1.2229353791371287,0.1905610504084008,0.6251338363391958,0.5,0.5,0.505,200,1.0,1.0
2,3,frozen,diverse,7,35,0,35,0.585,0.5840314847104029,0.585,0.5725,1.0858132551602535,0.1573643764519141,0.5683685466841092,0.5,0.5,0.505,200,1.5,5.0
2,3,frozen,diverse,8,40,0,40,0.6,0.5981732955065308,0.6,0.5778331257783312,1.1156949436145682,0.16745005847091374,0.5749699906995005,0.5,0.5,0.505,200,1.5,5.0
2,1,probe,random,2,10,0,10,0.56,0.5563608634360608,0.5599999999999999,0.7116564417177914,1.2304374360336745,0.18276966459975513,0.6257938245294994,0.465,0.5,0.505,200,1.0,1.0
2,1,probe,random,3,15,0,15,0.555,0.5535425891441921,0.5549999999999999,0.684964200477327,1.137786237015645,0.1090612996252767,0.5948953598885548,0.465,0.5,0.505,200,0.5,1.0
2,1,probe,random,4,20,0,20,0.565,0.5639525893837523,0.5650000000000001,0.6785714285714286,1.121275131075087,0.13754802708566713,0.5820505324679608,0.465,0.5,0.505,200,0.5,1.0
2,1,probe,random,5,25,0,25,0.575,0.574805920366896,0.575,0.6777645659928656,1.12375968149574,0.1440174164773864,0.5805461327585174,0.465,0.5,0.505,200,0.5,1.0
2,1,probe,random,6,30,0,30,0.575,0.5747832421128762,0.575,0.6634499396863691,1.1172663592132395,0.13825958095372726,0.578522123479222,0.465,0.5,0.505,200,0.5,1.0
2,1,probe,random,7,35,0,35,0.595,0.5950952769951485,0.595,0.6813186813186813,1.1123113177204353,0.15451827998411197,0.57478819149089,0.465,0.5,0.505,200,0.5,1.0
2,1,probe,random,8,40,0,40,0.585,0.5835118940078289,0.585,0.6584766584766586,1.0798068881283955,0.12180031231772612,0.5615287641411042,0.465,0.5,0.505,200,1.0,20.0
2,2,probe,random,2,10,0,10,0.585,0.5827834989461006,0.585,0.6289926289926291,1.0748436674491721,0.13554723572663693,0.5714972395773232,0.465,0.5,0.505,200,1.5,5.0
2,2,probe,random,3,15,0,15,0.575,0.5737225433322787,0.575,0.6554621848739497,1.099298784508514,0.11453883987873506,0.582049290206743,0.465,0.5,0.505,200,1.5,5.0
2,2,probe,random,4,20,0,20,0.57,0.5657358528205314,0.5700000000000001,0.655621301775148,1.0875246696801901,0.11247042163326082,0.5700586493836304,0.465,0.5,0.505,200,1.0,5.0
2,2,probe,random,5,25,0,25,0.565,0.5621581895994279,0.5650000000000001,0.6489746682750301,1.0814846055138294,0.12732454099620025,0.5686521270772036,0.465,0.5,0.505,200,1.0,20.0
2,2,probe,random,6,30,0,30,0.565,0.5632658640087491,0.565,0.6254545454545455,1.0641765373971537,0.12659009521642978,0.559208923884455,0.465,0.5,0.505,200,1.0,20.0
2,2,probe,random,7,35,0,35,0.58,0.576994340348663,0.58,0.6193390452876377,1.0620874027031895,0.11960397122864697,0.557132781126483,0.465,0.5,0.505,200,1.0,20.0
2,2,probe,random,8,40,0,40,0.62,0.6153504710979398,0.6199999999999999,0.6444444444444444,1.0566913208928883,0.14777623662236122,0.5556809769644646,0.465,0.5,0.505,200,1.0,5.0
2,3,probe,random,2,10,0,10,0.53,0.5278054788449842,0.53,0.6146220570012393,1.2753760076677931,0.18634803461899138,0.6452263963776349,0.465,0.5,0.505,200,1.0,1.0
2,3,probe,random,3,15,0,15,0.57,0.5643727030222898,0.5700000000000001,0.6857825567502986,1.1178602984263435,0.11542713883723527,0.5768130414652562,0.465,0.5,0.505,200,1.0,5.0
2,3,probe,random,4,20,0,20,0.575,0.5732283867364546,0.575,0.6396063960639606,1.0884499820255855,0.10599075081553759,0.5677081516755946,0.465,0.5,0.505,200,1.0,20.0
2,3,probe,random,5,25,0,25,0.595,0.593713920922248,0.595,0.6458072590738423,1.0891552546280305,0.13059195167806156,0.5662419912735136,0.465,0.5,0.505,200,1.0,20.0
2,3,probe,random,6,30,0,30,0.6,0.5985365853658536,0.6,0.6666666666666667,1.0774049385941227,0.10589481041714387,0.5620240993576683,0.465,0.5,0.505,200,1.0,20.0
2,3,probe,random,7,35,0,35,0.595,0.5941811691209281,0.595,0.6715686274509804,1.081287838302797,0.12523657776940011,0.563518235931442,0.465,0.5,0.505,200,1.0,20.0
2,3,probe,random,8,40,0,40,0.565,0.563199170935533,0.5650000000000001,0.6473429951690821,1.108249445199247,0.0941278416689609,0.5761014436157363,0.465,0.5,0.505,200,0.5,1.0
2,1,probe,diverse,2,10,0,10,0.56,0.5563608634360608,0.5599999999999999,0.7116564417177914,1.2304374360336745,0.18276966459975513,0.6257938245294994,0.465,0.5,0.505,200,1.0,1.0
2,1,probe,diverse,3,15,0,15,0.57,0.5699788163643585,0.57,0.6708385481852315,1.5214713074641788,0.2551100983583814,0.6579295964410847,0.465,0.5,0.505,200,1.5,1.0
2,1,probe,diverse,4,20,0,20,0.595,0.59202768035701,0.595,0.6476683937823835,1.2339359970248298,0.21592878162572648,0.5972701741867974,0.465,0.5,0.505,200,1.5,5.0
2,1,probe,diverse,5,25,0,25,0.59,0.5837835650217285,0.59,0.6169934640522876,1.2002488758395389,0.2070700515238709,0.5940500004591969,0.465,0.5,0.505,200,1.5,20.0
2,1,probe,diverse,6,30,0,30,0.605,0.600015754258418,0.605,0.638676844783715,1.1521414318984207,0.17510812676958443,0.5785541792657078,0.465,0.5,0.505,200,1.5,20.0
2,1,probe,diverse,7,35,0,35,0.585,0.5792554112554112,0.5850000000000001,0.6088082901554404,1.1657037165319803,0.18856457302917035,0.5863682489676125,0.465,0.5,0.505,200,1.5,20.0
2,1,probe,diverse,8,40,0,40,0.61,0.6031879960142398,0.61,0.6329442282749675,1.1271861365889213,0.17812779666999545,0.5727929723812815,0.465,0.5,0.505,200,1.5,20.0
2,2,probe,diverse,2,10,0,10,0.585,0.5827834989461006,0.585,0.6289926289926291,1.0748436674491721,0.13554723572663693,0.5714972395773232,0.465,0.5,0.505,200,1.5,5.0
2,2,probe,diverse,3,15,0,15,0.535,0.5343756817544459,0.5349999999999999,0.4939172749391727,1.393814262804424,0.24666366224011776,0.6715535615666309,0.465,0.5,0.505,200,1.5,1.0
2,2,probe,diverse,4,20,0,20,0.545,0.5406687288260421,0.545,0.4325637910085055,1.5064250318888113,0.26617923569574053,0.6840631912946847,0.465,0.5,0.505,200,1.5,1.0
2,2,probe,diverse,5,25,0,25,0.59,0.5879073234080794,0.5900000000000001,0.6200241254523522,1.201303673870733,0.174913286565367,0.6052790646538496,0.465,0.5,0.505,200,1.0,1.0
2,2,probe,diverse,6,30,0,30,0.6,0.5972969522024727,0.6,0.6007326007326006,1.1497925735034826,0.19365287879815796,0.585685623036733,0.465,0.5,0.505,200,1.5,5.0
2,2,probe,diverse,7,35,0,35,0.6,0.5958884058486044,0.6,0.6254635352286774,1.083589515806682,0.16202304052673477,0.5618514572633422,0.465,0.5,0.505,200,1.5,20.0
2,2,probe,diverse,8,40,0,40,0.595,0.5911315245953566,0.595,0.6492537313432836,1.07750412715155,0.16243394333185524,0.5609084945954806,0.465,0.5,0.505,200,1.5,20.0
2,3,probe,diverse,2,10,0,10,0.53,0.5278054788449842,0.53,0.6146220570012393,1.2753760076677931,0.18634803461899138,0.6452263963776349,0.465,0.5,0.505,200,1.0,1.0
2,3,probe,diverse,3,15,0,15,0.59,0.5897365161100462,0.5900000000000001,0.5768261964735517,1.3113393106646098,0.2139197353391608,0.6216032427058383,0.465,0.5,0.505,200,2.0,5.0
2,3,probe,diverse,4,20,0,20,0.555,0.5529456654456655,0.555,0.5921375921375922,1.6314082200317779,0.2895197020162306,0.6965781211104565,0.465,0.5,0.505,200,1.5,1.0
2,3,probe,diverse,5,25,0,25,0.585,0.5833107673524153,0.585,0.5798212005108556,1.2401773520759845,0.202220411152904,0.6076096001467719,0.465,0.5,0.505,200,1.5,5.0
2,3,probe,diverse,6,30,0,30,0.58,0.5787100810067775,0.5799999999999998,0.5808080808080809,1.241808645101693,0.22060374598869553,0.6117287878195259,0.465,0.5,0.505,200,1.5,5.0
2,3,probe,diverse,7,35,0,35,0.61,0.6069814746755066,0.61,0.621656050955414,1.119545094210646,0.17834790594345185,0.5757496169922469,0.465,0.5,0.505,200,1.5,20.0
2,3,probe,diverse,8,40,0,40,0.61,0.6069814746755066,0.61,0.621656050955414,1.1053083490435753,0.16264182659372944,0.5703466172481673,0.465,0.5,0.505,200,1.5,20.0
3,1,frozen,random,2,10,0,10,0.575,0.5780716816967012,0.575,0.6176870748299319,1.1152055053314749,0.07925715037439368,0.5899260254109364,0.495,0.495,0.525,200,0.5,1.0
3,1,frozen,random,3,15,0,15,0.54,0.5425111707832141,0.5399999999999999,0.6137566137566137,1.2247936412112965,0.16609171391063135,0.6227098424325843,0.495,0.495,0.525,200,1.0,1.0
3,1,frozen,random,4,20,0,20,0.6,0.5993716759431045,0.6,0.6569148936170213,1.06586316019659,0.08261879691482393,0.5587725079750309,0.495,0.495,0.525,200,0.5,1.0
3,1,frozen,random,5,25,0,25,0.635,0.6319332511643111,0.635,0.7620320855614973,1.0022268105452292,0.0806234710893425,0.5130511919695848,0.495,0.495,0.525,200,1.0,20.0
3,1,frozen,random,6,30,0,30,0.64,0.6377527427633852,0.64,0.7718832891246684,0.9899982415573764,0.07198845730383202,0.508341766113839,0.495,0.495,0.525,200,1.0,20.0
3,1,frozen,random,7,35,0,35,0.625,0.6233777987437866,0.625,0.748335552596538,0.9875409532309269,0.09847125955899878,0.5089134380544846,0.495,0.495,0.525,200,1.0,20.0
3,1,frozen,random,8,40,0,40,0.625,0.6239159908329543,0.625,0.7231788079470198,0.9881030701280824,0.0965399398098141,0.507064793675054,0.495,0.495,0.525,200,1.0,20.0
3,2,frozen,random,2,10,0,10,0.615,0.6124451047122829,0.615,0.7679782903663501,1.0218856211093053,0.09739068415403314,0.5211395603661696,0.495,0.495,0.525,200,1.0,20.0
3,2,frozen,random,3,15,0,15,0.62,0.6174627246916403,0.6199999999999999,0.7727891156462585,1.024815788002288,0.12429068745123513,0.5239458738449514,0.495,0.495,0.525,200,1.0,20.0
3,2,frozen,random,4,20,0,20,0.63,0.6277338300172751,0.63,0.7563249001331558,0.9980890556869791,0.05677136775032762,0.5110505425209781,0.495,0.495,0.525,200,1.0,20.0
3,2,frozen,random,5,25,0,25,0.625,0.6223671589577059,0.625,0.7349081364829396,0.9998660179334143,0.07372744689120152,0.5095146575969423,0.495,0.495,0.525,200,1.0,20.0
3,2,frozen,random,6,30,0,30,0.64,0.6390323402088108,0.6399999999999999,0.7301173402868318,0.9934872444288294,0.083143864638378,0.5154799436594018,0.495,0.495,0.525,200,1.0,5.0
3,2,frozen,random,7,35,0,35,0.635,0.6320747084393209,0.635,0.7716955941255007,0.9803986248760608,0.09924653588218894,0.5011757291085808,0.495,0.495,0.525,200,1.0,20.0
3,2,frozen,random,8,40,0,40,0.635,0.6320747084393209,0.635,0.7716955941255007,0.9863010071246164,0.10598860584243223,0.5043999052200987,0.495,0.495,0.525,200,1.0,20.0
3,3,frozen,random,2,10,0,10,0.55,0.5570056442700645,0.55,0.700709219858156,1.12896962532397,0.05974942137840163,0.5918489490204875,0.495,0.495,0.525,200,0.5,20.0
3,3,frozen,random,3,15,0,15,0.56,0.567600765338479,0.5599999999999999,0.7112375533428166,1.1280390559606355,0.03803906406589444,0.5917186424960256,0.495,0.495,0.525,200,0.5,20.0
3,3,frozen,random,4,20,0,20,0.625,0.6230515055024858,0.625,0.7486772486772486,1.0079300268975062,0.07133460935589035,0.5141983127190879,0.495,0.495,0.525,200,1.0,20.0
3,3,frozen,random,5,25,0,25,0.635,0.6337595601680983,0.635,0.7562582345191041,1.0145989124900636,0.1091717202596707,0.5166612511199348,0.495,0.495,0.525,200,1.0,20.0
3,3,frozen,random,6,30,0,30,0.635,0.6323237291917385,0.635,0.7418086500655308,0.9988404761457652,0.06756368285045519,0.5083408812614336,0.495,0.495,0.525,200,1.0,20.0
3,3,frozen,random,7,35,0,35,0.635,0.6337912718920472,0.635,0.7568988173455978,1.001157276707801,0.06701103235589434,0.5116637298518734,0.495,0.495,0.525,200,1.0,20.0
3,3,frozen,random,8,40,0,40,0.625,0.6233990366064989,0.6250000000000001,0.7602649006622517,1.0039039280950803,0.0458387607111889,0.5121819669928201,0.495,0.495,0.525,200,1.0,20.0
3,1,frozen,diverse,2,10,0,10,0.575,0.5780716816967012,0.575,0.6176870748299319,1.1152055053314749,0.07925715037439368,0.5899260254109364,0.495,0.495,0.525,200,0.5,1.0
3,1,frozen,diverse,3,15,0,15,0.61,0.610307439474106,0.61,0.7586206896551724,1.0204152067077619,0.07874065204941447,0.5219999625238051,0.495,0.495,0.525,200,1.0,20.0
3,1,frozen,diverse,4,20,0,20,0.59,0.5913937950111602,0.5900000000000001,0.7352112676056338,1.0201939716327575,0.06473421975270095,0.5257556688182942,0.495,0.495,0.525,200,1.0,20.0
3,1,frozen,diverse,5,25,0,25,0.61,0.6094544812617102,0.61,0.6820027063599459,1.016832764943208,0.0846737806373857,0.5198445622500694,0.495,0.495,0.525,200,1.0,5.0
3,1,frozen,diverse,6,30,0,30,0.615,0.6159004171324847,0.615,0.7583333333333333,1.0017895669515773,0.08178344429926124,0.5133822404773977,0.495,0.495,0.525,200,1.0,20.0
3,1,frozen,diverse,7,35,0,35,0.63,0.6300100862727607,0.6300000000000001,0.7024128686327078,0.986783671398902,0.06621707861163037,0.5038734533392674,0.495,0.495,0.525,200,1.0,5.0
3,1,frozen,diverse,8,40,0,40,0.63,0.6315990700183344,0.6300000000000001,0.7006535947712418,0.9686134266964922,0.04136224730022458,0.4961410726019315,0.495,0.495,0.525,200,1.0,5.0
3,2,frozen,diverse,2,10,0,10,0.615,0.6124451047122829,0.615,0.7679782903663501,1.0218856211093053,0.09739068415403314,0.5211395603661696,0.495,0.495,0.525,200,1.0,20.0
3,2,frozen,diverse,3,15,0,15,0.615,0.6115205741739056,0.615,0.5908496732026144,1.1745008328057915,0.1256950698533101,0.5582882953425287,0.495,0.495,0.525,200,1.0,1.0
3,2,frozen,diverse,4,20,0,20,0.64,0.6378123902311962,0.6399999999999999,0.7176781002638523,1.0260892220993405,0.11663032361014608,0.509660222178315,0.495,0.495,0.525,200,1.0,5.0
3,2,frozen,diverse,5,25,0,25,0.625,0.6226014303842269,0.625,0.6666666666666667,1.178957947162834,0.142613255745944,0.5560185071182641,0.495,0.495,0.525,200,1.0,1.0
3,2,frozen,diverse,6,30,0,30,0.63,0.6282634757307815,0.63,0.6766712141882674,1.0842225402160615,0.09295448255922445,0.5259196979895651,0.495,0.495,0.525,200,1.0,1.0
3,2,frozen,diverse,7,35,0,35,0.64,0.6373380872727037,0.64,0.7071524966261808,1.101735168588789,0.10926732326868346,0.5253129933996321,0.495,0.495,0.525,200,1.0,1.0
3,2,frozen,diverse,8,40,0,40,0.64,0.6368083251313441,0.64,0.7196870925684484,0.969064897341554,0.1109082124783313,0.4926302691088839,0.495,0.495,0.525,200,1.0,5.0
3,3,frozen,diverse,2,10,0,10,0.55,0.5570056442700645,0.55,0.700709219858156,1.12896962532397,0.05974942137840163,0.5918489490204875,0.495,0.495,0.525,200,0.5,20.0
3,3,frozen,diverse,3,15,0,15,0.62,0.6184023857103131,0.62,0.7833109017496636,1.0192516563621,0.08641719140489472,0.5218971447497543,0.495,0.495,0.525,200,1.0,20.0
3,3,frozen,diverse,4,20,0,20,0.62,0.617269231625067,0.62,0.7579787234042553,0.9976049583410811,0.09422858379190338,0.5112793686982292,0.495,0.495,0.525,200,1.0,20.0
3,3,frozen,diverse,5,25,0,25,0.635,0.6326548787192774,0.635,0.7516778523489933,0.9990994842135436,0.06339241678038475,0.5118208434628889,0.495,0.495,0.525,200,1.0,20.0
3,3,frozen,diverse,6,30,0,30,0.64,0.6372002376708259,0.6399999999999999,0.7148387096774194,0.9886124346655077,0.06915467158047171,0.5032543424503291,0.495,0.495,0.525,200,1.0,5.0
3,3,frozen,diverse,7,35,0,35,0.615,0.6131179503039305,0.615,0.6796875,0.9783627789961977,0.04725631156856303,0.5052834818160367,0.495,0.495,0.525,200,1.0,5.0
3,3,frozen,diverse,8,40,0,40,0.615,0.6134669633959762,0.615,0.6864516129032259,0.9605133860630616,0.10902569850580945,0.49683086438960544,0.495,0.495,0.525,200,1.0,5.0
3,1,probe,random,2,10,0,10,0.495,0.4997278911564626,0.49499999999999994,0.5957446808510638,1.129097490003474,0.1268300983537301,0.6034775345621517,0.44,0.495,0.525,200,0.5,1.0
3,1,probe,random,3,15,0,15,0.55,0.5514227691906983,0.55,0.6248399487836107,1.2212034752182879,0.16945375206143012,0.6255635861133743,0.44,0.495,0.525,200,1.0,1.0
3,1,probe,random,4,20,0,20,0.54,0.5402725663575694,0.5399999999999999,0.6385224274406333,1.080955019299727,0.0818387608405337,0.5732198666687166,0.44,0.495,0.525,200,0.5,1.0
3,1,probe,random,5,25,0,25,0.595,0.5940726607005676,0.595,0.6786632390745502,1.0215656401229407,0.11699909665399295,0.5318235716316859,0.44,0.495,0.525,200,1.0,5.0
3,1,probe,random,6,30,0,30,0.61,0.6071282583227673,0.61,0.7001287001287002,0.9987627417616846,0.09989053874214567,0.5178429963002581,0.44,0.495,0.525,200,1.0,20.0
3,1,probe,random,7,35,0,35,0.59,0.5895170726056358,0.59,0.6925972396486826,0.9982087234825479,0.09201135793232622,0.5262374069994131,0.44,0.495,0.525,200,1.0,5.0
3,1,probe,random,8,40,0,40,0.6,0.5980057778096993,0.6,0.689922480620155,0.9955710674080059,0.07951079962188763,0.5157120998095506,0.44,0.495,0.525,200,1.0,20.0
3,2,probe,random,2,10,0,10,0.59,0.5905500589220544,0.59,0.7490144546649146,1.0324736717953542,0.10277620910864332,0.5314059962746984,0.44,0.495,0.525,200,1.0,20.0
3,2,probe,random,3,15,0,15,0.58,0.5823992719450649,0.5800000000000001,0.7277556440903055,1.0361741313116601,0.08741481951590255,0.5341174383582257,0.44,0.495,0.525,200,1.0,20.0
3,2,probe,random,4,20,0,20,0.62,0.6199682462139717,0.62,0.7516254876462939,1.0064626459247632,0.11289393386878713,0.5190165004005756,0.44,0.495,0.525,200,1.0,20.0
3,2,probe,random,5,25,0,25,0.65,0.6483824373122743,0.6499999999999999,0.7750952986022872,1.0026747626379011,0.0984270113248435,0.5125914904055995,0.44,0.495,0.525,200,1.0,20.0
3,2,probe,random,6,30,0,30,0.63,0.6300721291168042,0.63,0.7512953367875648,0.9948155163229195,0.11948588989281267,0.5171803022643597,0.44,0.495,0.525,200,1.0,5.0
3,2,probe,random,7,35,0,35,0.645,0.6441064936112559,0.645,0.7688311688311689,0.9858095429045461,0.08869393398633259,0.5059049339027686,0.44,0.495,0.525,200,1.0,20.0
3,2,probe,random,8,40,0,40,0.64,0.6388079995361721,0.6399999999999999,0.7690322580645161,0.9905159218246828,0.09907224184796308,0.5085728205770218,0.44,0.495,0.525,200,1.0,20.0
3,3,probe,random,2,10,0,10,0.515,0.5211872116376268,0.5149999999999999,0.7054054054054054,1.1474134613461582,0.06881145952318825,0.6049127581706585,0.44,0.495,0.525,200,0.5,20.0
3,3,probe,random,3,15,0,15,0.515,0.5200602618410837,0.5149999999999999,0.7093333333333334,1.1465046376182497,0.0808738707013335,0.6047130035475603,0.44,0.495,0.525,200,0.5,20.0
3,3,probe,random,4,20,0,20,0.61,0.6069254570953839,0.6100000000000001,0.7291666666666667,1.0159495141136166,0.06942531390319867,0.5223087510179819,0.44,0.495,0.525,200,1.0,20.0
3,3,probe,random,5,25,0,25,0.59,0.5889398910663298,0.5900000000000001,0.7460732984293194,1.0243320188734666,0.08366616893349117,0.525667206571793,0.44,0.495,0.525,200,1.0,20.0
3,3,probe,random,6,30,0,30,0.6,0.5977020062822095,0.6,0.7194805194805195,1.0084110229029042,0.09577745233294972,0.517682897956715,0.44,0.495,0.525,200,1.0,20.0
3,3,probe,random,7,35,0,35,0.58,0.5796540071295717,0.5800000000000001,0.7155963302752293,1.0125678721463602,0.11638279738490839,0.5221299033388347,0.44,0.495,0.525,200,1.0,20.0
3,3,probe,random,8,40,0,40,0.59,0.5889266266019155,0.5900000000000001,0.7339449541284404,1.0149228905475467,0.10425054225536724,0.5224489908332646,0.44,0.495,0.525,200,1.0,20.0
3,1,probe,diverse,2,10,0,10,0.495,0.4997278911564626,0.49499999999999994,0.5957446808510638,1.129097490003474,0.1268300983537301,0.6034775345621517,0.44,0.495,0.525,200,0.5,1.0
3,1,probe,diverse,3,15,0,15,0.52,0.525702996229312,0.5199999999999999,0.7035040431266846,1.121146337443235,0.10302247578699011,0.5897341314805348,0.44,0.495,0.525,200,0.5,20.0
3,1,probe,diverse,4,20,0,20,0.58,0.579086265721842,0.58,0.7135135135135136,1.0282977660376948,0.08897307763729365,0.5301586955208525,0.44,0.495,0.525,200,1.0,20.0
3,1,probe,diverse,5,25,0,25,0.565,0.5645537825803184,0.5650000000000001,0.6993377483443708,1.0274012256897493,0.09546983515299319,0.5350258556019807,0.44,0.495,0.525,200,1.0,20.0
3,1,probe,diverse,6,30,0,30,0.55,0.5506679886797696,0.55,0.6938239159001314,1.0352234572846206,0.10510238709439663,0.5387882437966716,0.44,0.495,0.525,200,1.0,20.0
3,1,probe,diverse,7,35,0,35,0.585,0.5831635031635032,0.5850000000000001,0.6563307493540051,1.01023432563391,0.0824669902713306,0.5212316474525056,0.44,0.495,0.525,200,1.0,20.0
3,1,probe,diverse,8,40,0,40,0.615,0.6141204209358367,0.615,0.6760204081632653,1.0018102274818066,0.07641287325000641,0.5153655695213523,0.44,0.495,0.525,200,1.0,20.0
3,2,probe,diverse,2,10,0,10,0.59,0.5905500589220544,0.59,0.7490144546649146,1.0324736717953542,0.10277620910864332,0.5314059962746984,0.44,0.495,0.525,200,1.0,20.0
3,2,probe,diverse,3,15,0,15,0.615,0.6125283327450279,0.615,0.6571056062581486,1.1387291991603412,0.1110335500256141,0.5506367485998216,0.44,0.495,0.525,200,1.0,1.0
3,2,probe,diverse,4,20,0,20,0.595,0.5950836715625449,0.595,0.7095046854082998,1.0489831622598311,0.0927573331768213,0.5445346949590331,0.44,0.495,0.525,200,1.0,5.0
3,2,probe,diverse,5,25,0,25,0.6,0.6000093941802598,0.6,0.6826029216467464,1.0246909204793255,0.08054186261456867,0.5303567728189392,0.44,0.495,0.525,200,1.0,5.0
3,2,probe,diverse,6,30,0,30,0.595,0.5932184503565902,0.595,0.6456692913385826,1.0511474204805067,0.12775654618347562,0.529103888782764,0.44,0.495,0.525,200,1.5,5.0
3,2,probe,diverse,7,35,0,35,0.575,0.5696127869079557,0.575,0.5879332477535302,1.1299218467888468,0.12766143428436572,0.5621381220617372,0.44,0.495,0.525,200,1.0,1.0
3,2,probe,diverse,8,40,0,40,0.57,0.5645380100014247,0.57,0.5924050632911393,1.1133576522669169,0.14097547949158512,0.5514748775139586,0.44,0.495,0.525,200,1.0,1.0
3,3,probe,diverse,2,10,0,10,0.515,0.5211872116376268,0.5149999999999999,0.7054054054054054,1.1474134613461582,0.06881145952318825,0.6049127581706585,0.44,0.495,0.525,200,0.5,20.0
3,3,probe,diverse,3,15,0,15,0.525,0.5274634338655628,0.525,0.6521181001283697,1.1215122877678185,0.06813775234107376,0.5892437364625157,0.44,0.495,0.525,200,0.5,5.0
3,3,probe,diverse,4,20,0,20,0.56,0.5597907155373452,0.56,0.6822916666666667,1.0210849020873332,0.07824854983050289,0.5309943939084004,0.44,0.495,0.525,200,1.0,20.0
3,3,probe,diverse,5,25,0,25,0.545,0.5470709177308613,0.545,0.6026731470230863,1.067358879287199,0.08993181001692514,0.5596081903163435,0.44,0.495,0.525,200,0.5,1.0
3,3,probe,diverse,6,30,0,30,0.61,0.6066766917293233,0.61,0.670063694267516,1.011502007081655,0.0670958178937961,0.5212393310671672,0.44,0.495,0.525,200,1.0,5.0
3,3,probe,diverse,7,35,0,35,0.61,0.6077771837771838,0.6100000000000001,0.670807453416149,0.9987785244217154,0.10238431723686647,0.5151201603650979,0.44,0.495,0.525,200,1.0,5.0
3,3,probe,diverse,8,40,0,40,0.595,0.5932273176255981,0.595,0.6624685138539043,1.0057874599270729,0.09077817713794821,0.5195313236082711,0.44,0.495,0.525,200,1.0,5.0
4,1,frozen,random,2,10,0,10,0.595,0.5968329779417205,0.595,0.7126436781609196,1.0544858939704402,0.07880121125675263,0.5554841654489869,0.485,0.485,0.51,200,0.5,1.0
4,1,frozen,random,3,15,0,15,0.57,0.5755682512399433,0.57,0.7022696929238985,1.0776969940237793,0.1013216557644462,0.5603703727831879,0.485,0.485,0.51,200,0.5,1.0
4,1,frozen,random,4,20,0,20,0.58,0.5828145710498652,0.5800000000000001,0.6956521739130435,1.055291230349065,0.10234285300528705,0.5499300129149897,0.485,0.485,0.51,200,0.5,5.0
4,1,frozen,random,5,25,0,25,0.625,0.6279145336314287,0.625,0.6966580976863753,1.0048582185181045,0.09081092990644991,0.518577777951603,0.485,0.485,0.51,200,1.0,20.0
4,1,frozen,random,6,30,0,30,0.62,0.6225028845565423,0.62,0.6932989690721649,1.013902732479797,0.08423239865007322,0.5235052692785156,0.485,0.485,0.51,200,1.0,20.0
4,1,frozen,random,7,35,0,35,0.605,0.6083408389909771,0.605,0.7129506008010681,1.066323477568673,0.10359437009061254,0.545128017970571,0.485,0.485,0.51,200,1.0,5.0
4,1,frozen,random,8,40,0,40,0.615,0.6177360428497648,0.615,0.7058823529411764,1.0564642384410952,0.12299478740961156,0.5386938997660057,0.485,0.485,0.51,200,1.0,5.0
4,2,frozen,random,2,10,0,10,0.51,0.5105792047794112,0.51,0.26129426129426125,3.954636617716442,0.48364392845741283,0.9628904383201845,0.485,0.485,0.51,200,2.0,1.0
4,2,frozen,random,3,15,0,15,0.605,0.6028838452658327,0.605,0.6682750301568154,1.1874474872226188,0.21395304770938722,0.5971489979382958,0.485,0.485,0.51,200,1.0,5.0
4,2,frozen,random,4,20,0,20,0.59,0.5912173593145796,0.5900000000000001,0.6200980392156863,1.1256489936339134,0.18947457165279652,0.5724005010040699,0.485,0.485,0.51,200,1.0,20.0
4,2,frozen,random,5,25,0,25,0.615,0.6179523119590173,0.615,0.6317103620474407,1.0997431427342097,0.1684046288253529,0.5606574754069507,0.485,0.485,0.51,200,1.0,20.0
4,2,frozen,random,6,30,0,30,0.605,0.6070760056615675,0.6050000000000001,0.6633540372670808,1.116388530265224,0.168007679185446,0.567077613689351,0.485,0.485,0.51,200,1.0,5.0
4,2,frozen,random,7,35,0,35,0.625,0.626095939316931,0.625,0.7118226600985222,1.0826972175382104,0.14855026817557912,0.5554093370260115,0.485,0.485,0.51,200,1.0,5.0
4,2,frozen,random,8,40,0,40,0.62,0.6227197334500706,0.62,0.7064803049555273,1.0950923168862843,0.1608243409780022,0.5567723560702215,0.485,0.485,0.51,200,1.0,5.0
4,3,frozen,random,2,10,0,10,0.64,0.6415315765181333,0.64,0.6935687263556116,1.0170528689854548,0.07203655395934518,0.5243373689668283,0.485,0.485,0.51,200,1.0,20.0
4,3,frozen,random,3,15,0,15,0.64,0.6410613932182561,0.64,0.7166454891994918,1.0338819846287168,0.059057045125003656,0.5312764162406225,0.485,0.485,0.51,200,1.0,20.0
4,3,frozen,random,4,20,0,20,0.64,0.6417211684084749,0.64,0.731016731016731,1.0341743957026435,0.08910465892698777,0.5299153168050332,0.485,0.485,0.51,200,1.0,20.0
4,3,frozen,random,5,25,0,25,0.63,0.6319387404281919,0.6300000000000001,0.709346991037132,1.0229272020734819,0.06882345059946139,0.5242540425186175,0.485,0.485,0.51,200,1.0,20.0
4,3,frozen,random,6,30,0,30,0.6,0.5984155117283818,0.6,0.7222222222222222,1.0929247949856973,0.08269700204888777,0.5517445587529711,0.485,0.485,0.51,200,0.5,1.0
4,3,frozen,random,7,35,0,35,0.615,0.616816446563282,0.615,0.7152145643693109,1.057723253648713,0.06722556155235869,0.5443342551626298,0.485,0.485,0.51,200,1.0,20.0
4,3,frozen,random,8,40,0,40,0.62,0.6219298361022026,0.62,0.711864406779661,1.047673590041846,0.06528095953762612,0.535803652259117,0.485,0.485,0.51,200,1.0,20.0
4,1,frozen,diverse,2,10,0,10,0.595,0.5968329779417205,0.595,0.7126436781609196,1.0544858939704402,0.07880121125675263,0.5554841654489869,0.485,0.485,0.51,200,0.5,1.0
4,1,frozen,diverse,3,15,0,15,0.64,0.6419439437228511,0.64,0.6904458598726115,1.0019372247640639,0.08805857935722688,0.5181669190184333,0.485,0.485,0.51,200,1.0,20.0
4,1,frozen,diverse,4,20,0,20,0.645,0.6466511980105107,0.6449999999999999,0.6941323345817727,0.9869691603226005,0.06716860354226968,0.5129188322589614,0.485,0.485,0.51,200,1.0,20.0
4,1,frozen,diverse,5,25,0,25,0.615,0.6168613115279782,0.615,0.6287128712871287,1.0430278678663967,0.1481542635913029,0.5373995153903871,0.485,0.485,0.51,200,1.5,20.0
4,1,frozen,diverse,6,30,0,30,0.605,0.6071364596218667,0.6050000000000001,0.6439393939393939,1.0636177448962172,0.16119072768833895,0.5449373440815684,0.485,0.485,0.51,200,1.5,20.0
4,1,frozen,diverse,7,35,0,35,0.63,0.6326134475532066,0.63,0.6959896507115135,1.0044988678819544,0.0816384848361201,0.5198977755463243,0.485,0.485,0.51,200,1.0,20.0
4,1,frozen,diverse,8,40,0,40,0.625,0.628669783264923,0.625,0.7137355584082157,1.0045320232620825,0.07451683766542004,0.5185592628516345,0.485,0.485,0.51,200,1.0,20.0
4,2,frozen,diverse,2,10,0,10,0.51,0.5105792047794112,0.51,0.26129426129426125,3.954636617716442,0.48364392845741283,0.9628904383201845,0.485,0.485,0.51,200,2.0,1.0
4,2,frozen,diverse,3,15,0,15,0.595,0.599581210754506,0.595,0.5629629629629629,1.4096302311208015,0.2842862151850496,0.6674377141171359,0.485,0.485,0.51,200,1.5,20.0
4,2,frozen,diverse,4,20,0,20,0.57,0.5736787293166603,0.5700000000000001,0.48743718592964824,1.4890099211286858,0.26702663564079987,0.6771930537714439,0.485,0.485,0.51,200,1.5,5.0
4,2,frozen,diverse,5,25,0,25,0.56,0.559623958424063,0.56,0.5545335085413929,1.4823364713675502,0.2774474326013443,0.6694699069331552,0.485,0.485,0.51,200,1.5,5.0
4,2,frozen,diverse,6,30,0,30,0.6,0.6022726530660706,0.6,0.6245353159851301,1.0663587229298186,0.14971736108386968,0.5458004923818727,0.485,0.485,0.51,200,1.0,20.0
4,2,frozen,diverse,7,35,0,35,0.595,0.5943290917591681,0.595,0.6735218508997429,1.1488121440881855,0.16967669064377874,0.5802957907783377,0.485,0.485,0.51,200,1.0,5.0
4,2,frozen,diverse,8,40,0,40,0.615,0.6172453714876991,0.615,0.6481715006305171,1.0565263160407583,0.10066025223462687,0.5422519725592333,0.485,0.485,0.51,200,1.0,20.0
4,3,frozen,diverse,2,10,0,10,0.64,0.6415315765181333,0.64,0.6935687263556116,1.0170528689854548,0.07203655395934518,0.5243373689668283,0.485,0.485,0.51,200,1.0,20.0
4,3,frozen,diverse,3,15,0,15,0.63,0.6317278526975721,0.6300000000000001,0.6884422110552764,1.0212003847766058,0.07340354879083033,0.5259930364012252,0.485,0.485,0.51,200,1.0,20.0
4,3,frozen,diverse,4,20,0,20,0.575,0.5759080994037465,0.575,0.712258064516129,1.0708871797863841,0.09796380590014299,0.5621049053439208,0.485,0.485,0.51,200,0.5,20.0
4,3,frozen,diverse,5,25,0,25,0.635,0.637983521017685,0.635,0.7061855670103092,1.0178254950996009,0.09684969759615396,0.5261067330240824,0.485,0.485,0.51,200,1.0,20.0
4,3,frozen,diverse,6,30,0,30,0.635,0.6373983682070973,0.635,0.6872586872586872,1.011249819644391,0.05555810563502106,0.5232813835571095,0.485,0.485,0.51,200,1.0,20.0
4,3,frozen,diverse,7,35,0,35,0.64,0.641981622524237,0.64,0.6819923371647509,1.0142478589800443,0.06738544615646472,0.5232190746224658,0.485,0.485,0.51,200,1.0,20.0
4,3,frozen,diverse,8,40,0,40,0.64,0.6416482513904629,0.64,0.6935687263556116,1.0053865986045039,0.07703312184084637,0.5201057006682358,0.485,0.485,0.51,200,1.0,20.0
4,1,probe,random,2,10,0,10,0.575,0.5767767102650823,0.575,0.7055837563451777,1.0836204210953613,0.11537174078866712,0.5692883101351138,0.46,0.485,0.51,200,0.5,1.0
4,1,probe,random,3,15,0,15,0.575,0.5809400396846514,0.575,0.7019867549668874,1.1089902839337227,0.07487596637723776,0.5766488952839791,0.46,0.485,0.51,200,0.5,1.0
4,1,probe,random,4,20,0,20,0.56,0.5615752370148286,0.5599999999999999,0.6850393700787402,1.092740064664075,0.07979617979355316,0.5722231251724202,0.46,0.485,0.51,200,0.5,5.0
4,1,probe,random,5,25,0,25,0.61,0.6116266873722234,0.61,0.7150127226463103,1.0360092093657163,0.09025388793197774,0.5325064728108787,0.46,0.485,0.51,200,1.0,20.0
4,1,probe,random,6,30,0,30,0.63,0.6322946723959666,0.63,0.7036082474226804,1.0417546333414618,0.10444658437032964,0.5337779747706574,0.46,0.485,0.51,200,1.0,20.0
4,1,probe,random,7,35,0,35,0.59,0.5922088641253644,0.5900000000000001,0.7063389391979301,1.091697683573555,0.12180061195160816,0.5538548751516252,0.46,0.485,0.51,200,1.0,5.0
4,1,probe,random,8,40,0,40,0.595,0.5966606702432473,0.595,0.6940874035989717,1.0823300276989447,0.1302260080010373,0.5465751422072023,0.46,0.485,0.51,200,1.0,5.0
4,2,probe,random,2,10,0,10,0.51,0.5105792047794112,0.51,0.26129426129426125,3.9387394492976444,0.482614126944038,0.9611554564776946,0.46,0.485,0.51,200,2.0,1.0
4,2,probe,random,3,15,0,15,0.59,0.588046258482912,0.5900000000000001,0.6804374240583233,1.2094998287210081,0.2030126097662049,0.5960030404622421,0.46,0.485,0.51,200,1.0,5.0
4,2,probe,random,4,20,0,20,0.6,0.6013219020281754,0.6,0.6431181485992692,1.1448681787660986,0.19512010002680527,0.5706389850868268,0.46,0.485,0.51,200,1.0,20.0
4,2,probe,random,5,25,0,25,0.61,0.6124257680736575,0.61,0.6426799007444168,1.1187818318731662,0.16735199931397723,0.5598425996803801,0.46,0.485,0.51,200,1.0,20.0
4,2,probe,random,6,30,0,30,0.61,0.6105608653249044,0.6100000000000001,0.6971569839307787,1.0746759250585471,0.12871014029835126,0.5447106550511375,0.46,0.485,0.51,200,1.0,20.0
4,2,probe,random,7,35,0,35,0.615,0.6155755472968817,0.615,0.7060270602706027,1.1092711301138007,0.1578379035947553,0.5621125289655037,0.46,0.485,0.51,200,1.0,5.0
4,2,probe,random,8,40,0,40,0.62,0.6223270422659528,0.62,0.6948941469489415,1.117741983175324,0.16231577044440224,0.5603588573244045,0.46,0.485,0.51,200,1.0,5.0
4,3,probe,random,2,10,0,10,0.61,0.6090973845543157,0.6100000000000001,0.6825595984943538,1.0513103449441812,0.10766466585983142,0.5413554953399834,0.46,0.485,0.51,200,1.0,20.0
4,3,probe,random,3,15,0,15,0.605,0.6041022905322209,0.605,0.6783479349186483,1.069425586145682,0.07956138165938723,0.5500920386017526,0.46,0.485,0.51,200,1.0,20.0
4,3,probe,random,4,20,0,20,0.55,0.5523884070823486,0.55,0.6831168831168831,1.1132285745011996,0.0837789935610052,0.583986860662877,0.46,0.485,0.51,200,0.5,20.0
4,3,probe,random,5,25,0,25,0.605,0.605750237416904,0.6049999999999999,0.7011349306431274,1.0571171936373336,0.08189729775469493,0.5423622145142742,0.46,0.485,0.51,200,1.0,20.0
4,3,probe,random,6,30,0,30,0.575,0.5742996973885754,0.575,0.7074122236671001,1.1298821462766246,0.05954483750521118,0.5738765941491678,0.46,0.485,0.51,200,0.5,1.0
4,3,probe,random,7,35,0,35,0.535,0.5369985364305851,0.5349999999999999,0.7083333333333333,1.1516068336743297,0.08870603506434255,0.5995459160838917,0.46,0.485,0.51,200,0.5,5.0
4,3,probe,random,8,40,0,40,0.585,0.5867655873538226,0.585,0.7046894803548795,1.0836742579886272,0.07854084871240173,0.5553783942116284,0.46,0.485,0.51,200,1.0,20.0
4,1,probe,diverse,2,10,0,10,0.575,0.5767767102650823,0.575,0.7055837563451777,1.0836204210953613,0.11537174078866712,0.5692883101351138,0.46,0.485,0.51,200,0.5,1.0
4,1,probe,diverse,3,15,0,15,0.625,0.6268458363342084,0.625,0.7033792240300376,1.0555372309209703,0.13493158196579533,0.5367991797860139,0.46,0.485,0.51,200,1.0,20.0
4,1,probe,diverse,4,20,0,20,0.605,0.6055923501648184,0.6050000000000001,0.7289002557544757,1.0532698326599297,0.12039246062599589,0.5506879282843742,0.46,0.485,0.51,200,1.0,5.0
4,1,probe,diverse,5,25,0,25,0.605,0.6061358637115248,0.6049999999999999,0.7288776796973518,1.0741235459922853,0.1080831502312706,0.5558622016703171,0.46,0.485,0.51,200,1.0,5.0
4,1,probe,diverse,6,30,0,30,0.615,0.6161154229545975,0.615,0.71007371007371,1.0521499444122444,0.10198265108945695,0.5446021293790431,0.46,0.485,0.51,200,1.0,5.0
4,1,probe,diverse,7,35,0,35,0.605,0.6055252186131004,0.605,0.7038834951456311,1.0465868698961958,0.09069363325552995,0.5376617604560306,0.46,0.485,0.51,200,1.0,5.0
4,1,probe,diverse,8,40,0,40,0.62,0.6231623724340063,0.62,0.700507614213198,1.0758823135226572,0.13502959007115506,0.5448567734718435,0.46,0.485,0.51,200,1.5,20.0
4,2,probe,diverse,2,10,0,10,0.51,0.5105792047794112,0.51,0.26129426129426125,3.9387394492976444,0.482614126944038,0.9611554564776946,0.46,0.485,0.51,200,2.0,1.0
4,2,probe,diverse,3,15,0,15,0.595,0.599581210754506,0.595,0.5629629629629629,1.4185390697097349,0.28101725205468975,0.659223487587125,0.46,0.485,0.51,200,1.5,20.0
4,2,probe,diverse,4,20,0,20,0.595,0.599581210754506,0.595,0.5629629629629629,1.4557885198522829,0.2765796870106295,0.6720170442428668,0.46,0.485,0.51,200,1.5,20.0
4,2,probe,diverse,5,25,0,25,0.565,0.5634772197867055,0.5650000000000001,0.5335085413929042,1.5479736735957672,0.28277848874991596,0.6797074029641944,0.46,0.485,0.51,200,1.5,5.0
4,2,probe,diverse,6,30,0,30,0.605,0.6062477000574218,0.605,0.6313065976714101,1.1619419641405535,0.13410393705247467,0.5803055763749163,0.46,0.485,0.51,200,1.0,5.0
4,2,probe,diverse,7,35,0,35,0.605,0.6048725478906889,0.605,0.6579634464751959,1.1952040868415803,0.15549379947220632,0.5922698460168566,0.46,0.485,0.51,200,1.0,5.0
4,2,probe,diverse,8,40,0,40,0.6,0.6009639419174024,0.6,0.6816380449141348,1.2009482895527817,0.16932160725467701,0.5990230574243663,0.46,0.485,0.51,200,1.0,5.0
4,3,probe,diverse,2,10,0,10,0.61,0.6090973845543157,0.6100000000000001,0.6825595984943538,1.0513103449441812,0.10766466585983142,0.5413554953399834,0.46,0.485,0.51,200,1.0,20.0
4,3,probe,diverse,3,15,0,15,0.61,0.6090412430683575,0.6100000000000001,0.6859296482412061,1.0543290676551649,0.07830191958217425,0.5411263990417722,0.46,0.485,0.51,200,1.0,20.0
4,3,probe,diverse,4,20,0,20,0.565,0.5653912535239467,0.5650000000000001,0.7,1.104965143560128,0.08492841946710906,0.5836141208828103,0.46,0.485,0.51,200,0.5,20.0
4,3,probe,diverse,5,25,0,25,0.565,0.5665002948937504,0.5650000000000001,0.694408322496749,1.0974257517660595,0.06359798612577075,0.5773865737658066,0.46,0.485,0.51,200,0.5,20.0
4,3,probe,diverse,6,30,0,30,0.585,0.5845462402765774,0.585,0.704225352112676,1.0942852566844667,0.09778186098411606,0.5763150583853222,0.46,0.485,0.51,200,0.5,20.0
4,3,probe,diverse,7,35,0,35,0.605,0.6048110566192988,0.6050000000000001,0.7082802547770701,1.0316570393638222,0.14471509164304328,0.5364533584963582,0.46,0.485,0.51,200,1.0,20.0
4,3,probe,diverse,8,40,0,40,0.595,0.5949140150690537,0.595,0.6927939317319849,1.0283963311045217,0.13255285007374334,0.5354002488005175,0.46,0.485,0.51,200,1.0,20.0
