,,,accuracy,accuracy,macro_f1,macro_f1,qwk,qwk,ece,ece,nll,nll,total_human_queries,total_human_queries
,,,mean,std,mean,std,mean,std,mean,std,mean,std,mean,std
machine,acquisition,labels_per_class,,,,,,,,,,,,
frozen,diverse,2,0.5723333333333332,0.04386939490719937,0.5692655254896675,0.04564404321226497,0.6536760869577936,0.11825293036627735,0.1396993158831773,0.10359432579998692,1.3120971630242122,0.7345229052963058,10.0,0.0
frozen,diverse,3,0.5986666666666667,0.03414604488007917,0.5961301053765669,0.035689777094261854,0.6683670674215497,0.0650445620068635,0.14631753110866547,0.06301158176051395,1.1457909147194625,0.13483741437555577,15.0,0.0
frozen,diverse,4,0.5943333333333333,0.03223056815834193,0.5909253155852995,0.03576133593017746,0.6762005560701786,0.07522425584377854,0.14697308857692468,0.06503627207096117,1.1355587859413785,0.1750889303993792,20.0,0.0
frozen,diverse,5,0.5993333333333334,0.03167167880133981,0.5957105633766491,0.03436781397564923,0.6673699514435046,0.05842732256384196,0.14239667686765375,0.05568791351421852,1.1189880387353042,0.11774434132740746,25.0,0.0
frozen,diverse,6,0.604,0.027658633371878644,0.6007357132325352,0.02974923934419056,0.6723325647368803,0.05377679174853918,0.13053821689017997,0.04370517046144687,1.0841623977939348,0.06458994420425,30.0,0.0
frozen,diverse,7,0.6073333333333333,0.026245180963550708,0.6036157244636373,0.029611248301608068,0.6798549250523322,0.048286078008656655,0.12104580889002756,0.04146354127541557,1.0639104576543448,0.05783880541116936,35.0,0.0
frozen,diverse,8,0.6096666666666667,0.018942268180171112,0.6069421618644409,0.021568123111995813,0.6765135929678657,0.05448374006322261,0.12006725183808016,0.04315530709974091,1.0519820594598408,0.07021034701183204,40.0,0.0
frozen,random,2,0.5723333333333332,0.04386939490719937,0.5692655254896675,0.04564404321226497,0.6536760869577936,0.11825293036627735,0.1396993158831773,0.10359432579998692,1.3120971630242122,0.7345229052963058,10.0,0.0
frozen,random,3,0.5820000000000001,0.038628265003011156,0.5793651845221175,0.03927586142246672,0.6895922471852338,0.0382068872296075,0.10265504766061069,0.04328197733624627,1.1050772627098873,0.05755483637881102,15.0,0.0
frozen,random,4,0.586,0.03996426975615659,0.5815972425955187,0.04253930174585397,0.6872145613632706,0.044894228338501777,0.10694352209679119,0.05058282763457819,1.1078866220033305,0.1117558757190693,20.0,0.0
frozen,random,5,0.5996666666666666,0.0377712412645741,0.5962952495247431,0.040103405363326725,0.6868955150388174,0.04371119750549267,0.09807133811076194,0.023861320750670954,1.0599163896225825,0.050993159064851044,25.0,0.0
frozen,random,6,0.604,0.036361282391341135,0.6006913766192853,0.03808303762894664,0.6906076530069635,0.040815230721749314,0.10086736030187043,0.02926247830330331,1.065029305652955,0.05841565522934385,30.0,0.0
frozen,random,7,0.5996666666666666,0.03824108984300722,0.596150199653828,0.04098507625162092,0.703821218387953,0.03675369571951724,0.10656686012109316,0.03159199007195438,1.084865727220327,0.08389815185445339,35.0,0.0
frozen,random,8,0.6043333333333333,0.029572348731945666,0.6012455142426707,0.03272119687632263,0.6998193894079976,0.039816018445495704,0.10402146981331618,0.03927118492511944,1.0733964015198425,0.08419684222137566,40.0,0.0
probe,diverse,2,0.5556666666666668,0.045898438608155984,0.5555124731460508,0.04514256896471818,0.6535204251453324,0.11600455833448722,0.16205916665711706,0.09532257112588306,1.340722098666007,0.7232948334216753,10.0,0.0
probe,diverse,3,0.5803333333333334,0.039072582032246936,0.5805314139327387,0.03838084938701792,0.6567491034530352,0.06748548451728298,0.1762697842645679,0.0665956165494286,1.2388207719630309,0.13939528387522696,15.0,0.0
probe,diverse,4,0.5846666666666667,0.029366323439970355,0.5840887356000634,0.030155499564179948,0.6657925659154205,0.08290010887824611,0.17895717738709113,0.07444043088274598,1.2335214258807796,0.19186713172434305,20.0,0.0
probe,diverse,5,0.584,0.02465475903060386,0.5831973488164628,0.024054574087871396,0.6683225669324724,0.06677652377660813,0.15990801568313776,0.0635436808010129,1.1762404175417294,0.13118813456001865,25.0,0.0
probe,diverse,6,0.5943333333333333,0.02548575699334454,0.5927924005024556,0.025221115584628428,0.6780743373455704,0.05320283494119347,0.1560414045972342,0.054094802486663866,1.1653364041954861,0.16192591346893795,30.0,0.0
probe,diverse,7,0.597,0.021695950905970596,0.5949406152607645,0.022789177735559815,0.6764862703812855,0.05223232223571839,0.15690109084217413,0.0456140258524956,1.1401326040591153,0.1067717666192845,35.0,0.0
probe,diverse,8,0.5983333333333333,0.02296477634075612,0.5966469206452198,0.02302826138192499,0.6812115239255597,0.04755398948428612,0.14986035963618694,0.035242710808134875,1.1141759828150006,0.07666644330604827,40.0,0.0
probe,random,2,0.5556666666666668,0.045898438608155984,0.5555124731460508,0.04514256896471818,0.6535204251453324,0.11600455833448722,0.16205916665711706,0.09532257112588306,1.340722098666007,0.7232948334216753,10.0,0.0
probe,random,3,0.5626666666666666,0.038723685381479474,0.5629850871018214,0.0379357034364034,0.6841475938273169,0.036157759904782184,0.13180405360849792,0.04546110623609427,1.1488993810627692,0.07235925488003446,15.0,0.0
probe,random,4,0.5583333333333333,0.04104295078967654,0.5582378665382264,0.04065766960205279,0.680583005375188,0.03542356686001973,0.12990621500514835,0.05235823149097969,1.1431090052561903,0.11554449658420998,20.0,0.0
probe,random,5,0.5816666666666667,0.039895697345286044,0.5812564696541074,0.04048985954329486,0.6974627546304699,0.036351222611733076,0.1250164824637656,0.03129056073773949,1.096545584736257,0.061509663240148324,25.0,0.0
probe,random,6,0.58,0.044840988902055734,0.5794321104196504,0.04508326379796199,0.6944866991115397,0.033293861108598936,0.12335547314627288,0.030308421136998248,1.0989334130793826,0.07479169512525992,30.0,0.0
probe,random,7,0.575,0.041231056256176575,0.5742840800903417,0.04210785012901926,0.7004059866837236,0.03284965855864052,0.1379295941768142,0.04086893460539544,1.121291209011758,0.09370528331079189,35.0,0.0
probe,random,8,0.5846666666666667,0.03419830126663911,0.5839240078475635,0.03512322492120432,0.7007116588038833,0.0365089334481005,0.13221092783360994,0.040369127821950165,1.110398551422002,0.09114496000496022,40.0,0.0
