,accuracy,accuracy,macro_f1,macro_f1,qwk,qwk,ece,ece,nll,nll,brier,brier,total_human_queries,total_human_queries
,mean,std,mean,std,mean,std,mean,std,mean,std,mean,std,mean,std
labels_per_class,,,,,,,,,,,,,,
2,0.5383333333333333,0.06755068643689152,0.528717754532117,0.07587002248565967,0.6357259406145302,0.07553682342505524,0.24385434596737227,0.06659055659187013,1.5493937457838962,0.19530667486156075,0.690672735847231,0.09018687044881285,10.0,0.0
3,0.5543333333333333,0.05371441236053966,0.549647437233907,0.05791338492883372,0.6570440572086791,0.058097114194565896,0.22302639840046565,0.04584898143317122,1.461091466601053,0.14410290288030767,0.660670704791084,0.07130662962321634,15.0,0.0
4,0.5623333333333334,0.05414486740833953,0.559164365382077,0.056905802941301126,0.6548304048664441,0.05217508580419725,0.21567066645622252,0.03522917102616423,1.4123925812695723,0.1230092211979456,0.6430429312497118,0.05707940730763507,20.0,0.0
5,0.5736666666666667,0.04521641084300931,0.570990175973673,0.04771080142700575,0.6709353371884643,0.04351083693025268,0.19949218897024792,0.03693928643890168,1.3478104000766074,0.11327504387141545,0.6224554943520927,0.049990393306324106,25.0,0.0
6,0.5856666666666667,0.03936399128040509,0.5836611503429024,0.04181012090031611,0.6796051563111002,0.03852754396067166,0.18497290912270545,0.0385187821518903,1.3106782619659236,0.10002058578655906,0.6050881862614103,0.04677373929372899,30.0,0.0
7,0.5876666666666667,0.04566440731289627,0.5852544013518891,0.04775534359771413,0.6759923399465856,0.03651840918409727,0.18450357868274053,0.041513561937993146,1.3124227679717897,0.10648639838509316,0.6039137233260253,0.048903769373103964,35.0,0.0
8,0.5933333333333334,0.04842765837037855,0.5908447613864932,0.05021001963388236,0.6707413952178669,0.05627979410529717,0.1843284486134847,0.03637969414436677,1.2887850319137748,0.10897361669607694,0.59904345401377,0.047337257605378484,40.0,0.0
