fold,seed,mode,labels_per_class,active_human_queries,extra_human_queries,total_human_queries,train_loss,ai_temperature,fusion_temperature,stopped,accuracy,macro_f1,balanced_accuracy,qwk,nll,ece,brier,ai_accuracy,human_accuracy,ai_ece
0,1,reliability,2,10,0,10,0.08045760542154312,0.6958162790112409,1.0,False,0.58,0.5728416139794846,0.58,0.6814621409921672,1.5672362777096314,0.237933933287859,0.6496131505737479,0.49,0.5350000262260437,0.16809164077043534
0,1,reliability,3,15,0,15,0.09045116603374481,0.6958162790112409,1.0,False,0.62,0.6146886320510608,0.62,0.728744939271255,1.5181171276528056,0.23556683644652365,0.6315596331090447,0.49,0.5350000262260437,0.16809164077043534
0,1,reliability,4,20,0,20,0.19219674170017242,0.6958162790112409,1.0,False,0.605,0.6005286901509541,0.605,0.7272727272727273,1.4605699268765462,0.2273199011385441,0.6224477082061844,0.49,0.5350000262260437,0.16809164077043534
0,1,reliability,5,25,0,25,0.3584192991256714,0.6958162790112409,1.0,False,0.57,0.5614005808925163,0.5700000000000001,0.703448275862069,1.3957032351752638,0.192127568423748,0.6391427055206469,0.49,0.5350000262260437,0.16809164077043534
0,1,reliability,6,30,0,30,0.44054970145225525,0.6958162790112409,1.0,False,0.57,0.5559981851179673,0.5700000000000001,0.6403269754768393,1.3348296884005644,0.2154787860810757,0.6200387307002972,0.49,0.5350000262260437,0.16809164077043534
0,1,reliability,7,35,0,35,0.47676920890808105,0.6958162790112409,1.0,False,0.56,0.5478836680560819,0.56,0.6328767123287671,1.3825423735781373,0.2154803477227688,0.6337914079058382,0.49,0.5350000262260437,0.16809164077043534
0,1,reliability,8,40,0,40,0.5317521095275879,0.6958162790112409,1.0,False,0.57,0.559266962713443,0.5700000000000001,0.6512261580381471,1.3805271111245778,0.1920510432124138,0.6256970672397472,0.49,0.5350000262260437,0.16809164077043534
0,2,reliability,2,10,0,10,0.2680629789829254,0.6958162790112409,1.0,False,0.59,0.5842038520213577,0.5900000000000001,0.6450809464508095,1.5691305081956497,0.1782071040570736,0.630535017760049,0.49,0.5350000262260437,0.16809164077043534
0,2,reliability,3,15,0,15,0.29291632771492004,0.6958162790112409,1.0,False,0.615,0.612315369948498,0.615,0.662269129287599,1.4060271383996485,0.19809241443872452,0.5860489771647834,0.49,0.5350000262260437,0.16809164077043534
0,2,reliability,4,20,0,20,0.3188077509403229,0.6958162790112409,1.0,False,0.635,0.6379771857538811,0.635,0.6843501326259946,1.4301241754450056,0.18965063631534573,0.583973305238974,0.49,0.5350000262260437,0.16809164077043534
0,2,reliability,5,25,0,25,0.4650977849960327,0.6958162790112409,1.0,False,0.64,0.6399340322125132,0.6399999999999999,0.7032679738562091,1.28205082294995,0.12170393615961071,0.540234208682493,0.49,0.5350000262260437,0.16809164077043534
0,2,reliability,6,30,0,30,0.43159517645835876,0.6958162790112409,1.0,False,0.61,0.6108739304453616,0.6100000000000001,0.6745718050065876,1.3488202603070951,0.17020605966448787,0.5762380825748491,0.49,0.5350000262260437,0.16809164077043534
0,2,reliability,7,35,0,35,0.49137720465660095,0.6958162790112409,1.0,False,0.61,0.6114683650392019,0.61,0.6991869918699187,1.3666620134499674,0.18536251336336135,0.5844265943427338,0.49,0.5350000262260437,0.16809164077043534
0,2,reliability,8,40,0,40,0.5412063002586365,0.6958162790112409,1.0,False,0.6,0.6007846786489555,0.6,0.6766304347826086,1.378244689589587,0.18458656176924704,0.5942845150379266,0.49,0.5350000262260437,0.16809164077043534
0,3,reliability,2,10,0,10,0.3100211024284363,0.6958162790112409,1.0,False,0.575,0.5677794754265343,0.575,0.6731001206272618,1.4053980666898986,0.17872914835810663,0.6095680484801559,0.49,0.5350000262260437,0.16809164077043534
0,3,reliability,3,15,0,15,0.3852934241294861,0.6958162790112409,1.0,False,0.605,0.6037675136436746,0.605,0.7031055900621118,1.3098736094254053,0.1847576442360878,0.5915825924330473,0.49,0.5350000262260437,0.16809164077043534
0,3,reliability,4,20,0,20,0.48850059509277344,0.6958162790112409,1.0,False,0.6,0.5989713213608218,0.5999999999999999,0.710828025477707,1.2990742543903684,0.19596815168857576,0.596593696190772,0.49,0.5350000262260437,0.16809164077043534
0,3,reliability,5,25,0,25,0.6211115717887878,0.6958162790112409,1.0,False,0.565,0.5647388884854806,0.5650000000000001,0.6928104575163399,1.3092602563681013,0.1997451283037662,0.6083774095710472,0.49,0.5350000262260437,0.16809164077043534
0,3,reliability,6,30,0,30,0.6791145205497742,0.6958162790112409,1.0,False,0.59,0.5860163129304009,0.59,0.696629213483146,1.2920550626522362,0.17207412853837012,0.5943430943721701,0.49,0.5350000262260437,0.16809164077043534
0,3,reliability,7,35,0,35,0.802166223526001,0.6958162790112409,1.0,False,0.58,0.5776811305434318,0.5800000000000001,0.7034659820282414,1.1920279306156585,0.17138595953583718,0.564755077687224,0.49,0.5350000262260437,0.16809164077043534
0,3,reliability,8,40,0,40,0.7481722831726074,0.6958162790112409,1.0,False,0.61,0.6066632926922783,0.61,0.72,1.1957991182843866,0.1552692879736423,0.559815957438255,0.49,0.5350000262260437,0.16809164077043534
1,1,reliability,2,10,0,10,0.4729229807853699,0.7069621588134066,1.0,False,0.45,0.4154115443340352,0.45,0.6309226932668329,1.7128974387807412,0.29491094186902045,0.7912020161598531,0.475,0.5149999856948853,0.1538312800228596
1,1,reliability,3,15,0,15,0.49937865138053894,0.7069621588134066,1.0,False,0.485,0.46629686019523814,0.485,0.6472727272727272,1.5680159613280893,0.2623541161417961,0.729532044794664,0.475,0.5149999856948853,0.1538312800228596
1,1,reliability,4,20,0,20,0.47891393303871155,0.7069621588134066,1.0,False,0.495,0.4876101231836788,0.495,0.6857142857142857,1.5883857126811398,0.2400852984189987,0.7184684478011176,0.475,0.5149999856948853,0.1538312800228596
1,1,reliability,5,25,0,25,0.49673396348953247,0.7069621588134066,1.0,False,0.51,0.5019103435295339,0.51,0.6950182260024301,1.5326407347431839,0.23676625698804857,0.6969142307803936,0.475,0.5149999856948853,0.1538312800228596
1,1,reliability,6,30,0,30,0.6719095706939697,0.7069621588134066,1.0,False,0.54,0.5312363006454305,0.54,0.6854219948849105,1.348379575007055,0.22833057150244712,0.6476427526163142,0.475,0.5149999856948853,0.1538312800228596
1,1,reliability,7,35,0,35,0.6161311268806458,0.7069621588134066,1.0,False,0.565,0.5527872686100535,0.5650000000000001,0.6909547738693467,1.36957792990783,0.2195670235157013,0.6565856634615731,0.475,0.5149999856948853,0.1538312800228596
1,1,reliability,8,40,0,40,0.8014340400695801,0.7069621588134066,1.0,False,0.51,0.5067270166064024,0.51,0.6975,1.1881785679781034,0.20723482981324196,0.630528646281379,0.475,0.5149999856948853,0.1538312800228596
1,2,reliability,2,10,0,10,0.3068031370639801,0.7069621588134066,1.0,False,0.485,0.4608498622120913,0.485,0.6811779769526248,1.5428792137679364,0.2406960892677307,0.7190415438752314,0.475,0.5149999856948853,0.1538312800228596
1,2,reliability,3,15,0,15,0.30966222286224365,0.7069621588134066,1.0,False,0.515,0.49956060769525007,0.515,0.6702557200538358,1.4615761367926847,0.25377291813492775,0.6901798839934107,0.475,0.5149999856948853,0.1538312800228596
1,2,reliability,4,20,0,20,0.36633357405662537,0.7069621588134066,1.0,False,0.495,0.484906168881828,0.495,0.6781750924784218,1.4673147688207342,0.24501665636897088,0.7082349790545542,0.475,0.5149999856948853,0.1538312800228596
1,2,reliability,5,25,0,25,0.4262199103832245,0.7069621588134066,1.0,False,0.505,0.4965820432854004,0.505,0.682741116751269,1.4215681401676692,0.24479147478938101,0.6810352116922086,0.475,0.5149999856948853,0.1538312800228596
1,2,reliability,6,30,0,30,0.5843471884727478,0.7069621588134066,1.0,False,0.52,0.5089251774759304,0.5199999999999999,0.6843434343434344,1.4033482802382853,0.231167474091053,0.6722842128249157,0.475,0.5149999856948853,0.1538312800228596
1,2,reliability,7,35,0,35,0.6513758301734924,0.7069621588134066,1.0,False,0.54,0.5304329004329004,0.54,0.7119078104993598,1.3554282549153243,0.2140160946547985,0.6479665139415434,0.475,0.5149999856948853,0.1538312800228596
1,2,reliability,8,40,0,40,0.654910683631897,0.7069621588134066,1.0,False,0.545,0.5370028753590397,0.545,0.7126137841352406,1.3352331619283995,0.21331919685006145,0.6463736344596918,0.475,0.5149999856948853,0.1538312800228596
1,3,reliability,2,10,0,10,0.10103372484445572,0.7069621588134066,1.0,False,0.415,0.38515973082229055,0.41500000000000004,0.6464410735122521,1.9570442425310954,0.37255966290831566,0.8603180219034272,0.475,0.5149999856948853,0.1538312800228596
1,3,reliability,3,15,0,15,0.1907554566860199,0.7069621588134066,1.0,False,0.45,0.4215584610207637,0.45,0.6650660264105642,1.781123650023416,0.3248041927814484,0.8175319914693889,0.475,0.5149999856948853,0.1538312800228596
1,3,reliability,4,20,0,20,0.3619877099990845,0.7069621588134066,1.0,False,0.5,0.481610929511357,0.5,0.7038327526132404,1.442636115928305,0.23529260858893397,0.7040640480560967,0.475,0.5149999856948853,0.1538312800228596
1,3,reliability,5,25,0,25,0.4497307538986206,0.7069621588134066,1.0,False,0.475,0.4556094381196802,0.475,0.6900584795321637,1.3943815312971881,0.2403554777801037,0.6916482850041524,0.475,0.5149999856948853,0.1538312800228596
1,3,reliability,6,30,0,30,0.44038715958595276,0.7069621588134066,1.0,False,0.495,0.47890482956151603,0.495,0.6953405017921147,1.4903331207709993,0.2386634075641632,0.7157677616393252,0.475,0.5149999856948853,0.1538312800228596
1,3,reliability,7,35,0,35,0.4495149850845337,0.7069621588134066,1.0,False,0.47,0.4439382684472645,0.47000000000000003,0.6897347174163784,1.5213490378440164,0.25821405366063116,0.7333822085549185,0.475,0.5149999856948853,0.1538312800228596
1,3,reliability,8,40,0,40,0.41820088028907776,0.7069621588134066,1.0,False,0.48,0.459785431046441,0.4800000000000001,0.6806526806526807,1.5107079524119826,0.25374170765280724,0.7307672635160815,0.475,0.5149999856948853,0.1538312800228596
2,1,reliability,2,10,0,10,0.06355274468660355,0.5606596388208527,1.0,False,0.545,0.5421209634073708,0.5449999999999999,0.6701164294954722,1.6262095975453712,0.2446256686747074,0.6901269163688799,0.5,0.5049999952316284,0.24536385923624038
2,1,reliability,3,15,0,15,0.1801145225763321,0.5606596388208527,1.0,False,0.585,0.5837004608157125,0.585,0.6607369758576874,1.4283273221023962,0.20930155619978907,0.6263215202687814,0.5,0.5049999952316284,0.24536385923624038
2,1,reliability,4,20,0,20,0.2109818160533905,0.5606596388208527,1.0,False,0.575,0.5751830230474575,0.575,0.6272493573264781,1.4629740590606126,0.2373578181862831,0.6486673540860017,0.5,0.5049999952316284,0.24536385923624038
2,1,reliability,5,25,0,25,0.2720790207386017,0.5606596388208527,1.0,False,0.57,0.5697990539926023,0.5700000000000001,0.6424870466321244,1.4964580774035372,0.25513800472021103,0.6609273443445893,0.5,0.5049999952316284,0.24536385923624038
2,1,reliability,6,30,0,30,0.31416603922843933,0.5606596388208527,1.0,False,0.575,0.5751088233359425,0.575,0.6623376623376623,1.4316751353255315,0.2477394826710224,0.6303763294355214,0.5,0.5049999952316284,0.24536385923624038
2,1,reliability,7,35,0,35,0.37770697474479675,0.5606596388208527,1.0,False,0.585,0.5856828661773628,0.585,0.662303664921466,1.384562576917372,0.2300076147913933,0.617879954171718,0.5,0.5049999952316284,0.24536385923624038
2,1,reliability,8,40,0,40,0.3974747955799103,0.5606596388208527,1.0,False,0.58,0.5803974403974405,0.58,0.6640419947506562,1.3555819085958674,0.23390279918909077,0.6098943816939436,0.5,0.5049999952316284,0.24536385923624038
2,2,reliability,2,10,0,10,0.0817391574382782,0.5606596388208527,1.0,False,0.615,0.6110056336307005,0.615,0.6275510204081632,1.4385559389284845,0.2134872809052467,0.6244940712755485,0.5,0.5049999952316284,0.24536385923624038
2,2,reliability,3,15,0,15,0.20060506463050842,0.5606596388208527,1.0,False,0.61,0.6098292264961871,0.61,0.6718954248366014,1.4559351160437968,0.20907205909490587,0.6247959115533641,0.5,0.5049999952316284,0.24536385923624038
2,2,reliability,4,20,0,20,0.378408819437027,0.5606596388208527,1.0,False,0.625,0.6239326873473322,0.625,0.6785260482846251,1.4100441712740124,0.21124507144093516,0.6062290573556113,0.5,0.5049999952316284,0.24536385923624038
2,2,reliability,5,25,0,25,0.34807685017585754,0.5606596388208527,1.0,False,0.61,0.6063694272036566,0.61,0.6584463625154131,1.396083022502684,0.22343705266714098,0.6165806710694348,0.5,0.5049999952316284,0.24536385923624038
2,2,reliability,6,30,0,30,0.5566853284835815,0.5606596388208527,1.0,False,0.61,0.6080071368681299,0.61,0.6562905317769131,1.3479194839716637,0.21887919127941133,0.5984035043157853,0.5,0.5049999952316284,0.24536385923624038
2,2,reliability,7,35,0,35,0.5154649019241333,0.5606596388208527,1.0,False,0.615,0.6130490734681437,0.615,0.6564885496183206,1.3264039624851958,0.21336098566651346,0.5945841448014239,0.5,0.5049999952316284,0.24536385923624038
2,2,reliability,8,40,0,40,0.49053898453712463,0.5606596388208527,1.0,False,0.61,0.606602048358146,0.6100000000000001,0.653416149068323,1.3220110451819413,0.22229472339153292,0.5942372362194234,0.5,0.5049999952316284,0.24536385923624038
2,3,reliability,2,10,0,10,0.08208916336297989,0.5606596388208527,1.0,False,0.485,0.46998175301401107,0.48500000000000004,0.5801713586291309,1.6708580673259705,0.30583558976650244,0.7431954189237864,0.5,0.5049999952316284,0.24536385923624038
2,3,reliability,3,15,0,15,0.29500773549079895,0.5606596388208527,1.0,False,0.565,0.5553212996004758,0.565,0.5990453460620525,1.5271924917272783,0.22318044483661653,0.6455778307694557,0.5,0.5049999952316284,0.24536385923624038
2,3,reliability,4,20,0,20,0.2506202459335327,0.5606596388208527,1.0,False,0.57,0.5619865456222649,0.5700000000000001,0.5857843137254901,1.5030570958548648,0.2507462602853775,0.6546091777331181,0.5,0.5049999952316284,0.24536385923624038
2,3,reliability,5,25,0,25,0.29497382044792175,0.5606596388208527,1.0,False,0.575,0.564128918312792,0.575,0.587360594795539,1.489120505010473,0.25019591823220255,0.6475455100963248,0.5,0.5049999952316284,0.24536385923624038
2,3,reliability,6,30,0,30,0.39762362837791443,0.5606596388208527,1.0,False,0.59,0.582878559314607,0.59,0.590738423028786,1.475862332215479,0.23594990581274036,0.6379555553757057,0.5,0.5049999952316284,0.24536385923624038
2,3,reliability,7,35,0,35,0.49955639243125916,0.5606596388208527,1.0,False,0.6,0.5918354426219594,0.6,0.5778331257783312,1.4500021086916552,0.22608312800526623,0.6321148133531571,0.5,0.5049999952316284,0.24536385923624038
2,3,reliability,8,40,0,40,0.5087515115737915,0.5606596388208527,1.0,False,0.605,0.5980092161126644,0.605,0.5753424657534247,1.4191449486150682,0.2189412486553192,0.6216181282232287,0.5,0.5049999952316284,0.24536385923624038
3,1,reliability,2,10,0,10,0.11103995889425278,0.8036609710407364,1.0,False,0.435,0.4393963503898056,0.43500000000000005,0.39357429718875503,1.8356001594861189,0.3608806510269642,0.8659034221813982,0.495,0.5249999761581421,0.1016400368511677
3,1,reliability,3,15,0,15,0.32899555563926697,0.8036609710407364,1.0,False,0.505,0.508623993762149,0.5050000000000001,0.5377483443708609,1.442973333450293,0.235522685199976,0.6933131024715994,0.495,0.5249999761581421,0.1016400368511677
3,1,reliability,4,20,0,20,0.4997474253177643,0.8036609710407364,1.0,False,0.57,0.5689931824386311,0.5700000000000001,0.5674300254452926,1.201636185361238,0.15458538904786112,0.5790452778250946,0.495,0.5249999761581421,0.1016400368511677
3,1,reliability,5,25,0,25,0.5156108736991882,0.8036609710407364,1.0,False,0.615,0.6174978715196825,0.615,0.5922330097087378,1.1892415765786406,0.13546869784593582,0.5632654417136416,0.495,0.5249999761581421,0.1016400368511677
3,1,reliability,6,30,0,30,0.6355104446411133,0.8036609710407364,1.0,False,0.62,0.6204018441245825,0.62,0.6378244746600742,1.1319773526168442,0.1455137021839619,0.5432739086246778,0.495,0.5249999761581421,0.1016400368511677
3,1,reliability,7,35,0,35,0.5982192754745483,0.8036609710407364,1.0,False,0.65,0.6520052309397073,0.65,0.642156862745098,1.124336555851331,0.11710974693298343,0.5338565398819698,0.495,0.5249999761581421,0.1016400368511677
3,1,reliability,8,40,0,40,0.6379846334457397,0.8036609710407364,1.0,False,0.645,0.6482443611516324,0.645,0.6394052044609666,1.096975600604504,0.12349411427974698,0.5243617117031335,0.495,0.5249999761581421,0.1016400368511677
3,2,reliability,2,10,0,10,0.4322385787963867,0.8036609710407364,1.0,False,0.585,0.5845184993692066,0.5850000000000001,0.5938303341902313,1.2596273811965164,0.16027739882469175,0.6017158597016816,0.495,0.5249999761581421,0.1016400368511677
3,2,reliability,3,15,0,15,0.5947710871696472,0.8036609710407364,1.0,False,0.575,0.5694814964257133,0.575,0.7038043478260869,1.2275824585524853,0.12934216544032096,0.5858132947535782,0.495,0.5249999761581421,0.1016400368511677
3,2,reliability,4,20,0,20,0.7209519147872925,0.8036609710407364,1.0,False,0.57,0.5613665424169201,0.5700000000000001,0.6708701134930644,1.2916592145086043,0.14044944807887075,0.5898266322376721,0.495,0.5249999761581421,0.1016400368511677
3,2,reliability,5,25,0,25,0.6870548725128174,0.8036609710407364,1.0,False,0.605,0.6007532086601854,0.605,0.6572164948453608,1.309449430614321,0.1303313682973385,0.5831684721722892,0.495,0.5249999761581421,0.1016400368511677
3,2,reliability,6,30,0,30,0.681574821472168,0.8036609710407364,1.0,False,0.6,0.5942808510055345,0.6,0.6861702127659575,1.2625888095909328,0.1262149280309677,0.5627413063840809,0.495,0.5249999761581421,0.1016400368511677
3,2,reliability,7,35,0,35,0.741760790348053,0.8036609710407364,1.0,False,0.595,0.5862289952510735,0.595,0.6807387862796834,1.2603137016627675,0.16403918504714965,0.5671432246752343,0.495,0.5249999761581421,0.1016400368511677
3,2,reliability,8,40,0,40,0.7258781790733337,0.8036609710407364,1.0,False,0.595,0.5873680971406021,0.595,0.700135685210312,1.2749027390941412,0.16371067792177202,0.5668489908039536,0.495,0.5249999761581421,0.1016400368511677
3,3,reliability,2,10,0,10,0.5449590682983398,0.8036609710407364,1.0,False,0.53,0.5168869079096472,0.53,0.6708860759493671,1.3775158907379474,0.19706527918577194,0.678178468705635,0.495,0.5249999761581421,0.1016400368511677
3,3,reliability,3,15,0,15,0.46741288900375366,0.8036609710407364,1.0,False,0.56,0.5576549337846307,0.56,0.6779252110977081,1.30520408798543,0.1521410708129406,0.633946389075942,0.495,0.5249999761581421,0.1016400368511677
3,3,reliability,4,20,0,20,0.620609700679779,0.8036609710407364,1.0,False,0.53,0.5242902504668644,0.53,0.5688888888888889,1.3510658237302444,0.2052696308493614,0.6801890754186943,0.495,0.5249999761581421,0.1016400368511677
3,3,reliability,5,25,0,25,0.6775574684143066,0.8036609710407364,1.0,False,0.53,0.524201984947785,0.53,0.5708013172338089,1.3180200882482962,0.21605773612856866,0.6575827868760413,0.495,0.5249999761581421,0.1016400368511677
3,3,reliability,6,30,0,30,0.698362410068512,0.8036609710407364,1.0,False,0.535,0.5257569742956132,0.535,0.575192096597146,1.2994553027795743,0.22338379606604578,0.6432358228530028,0.495,0.5249999761581421,0.1016400368511677
3,3,reliability,7,35,0,35,0.6850149631500244,0.8036609710407364,1.0,False,0.54,0.5302662066856441,0.54,0.5748898678414097,1.255214753188629,0.2108761776983738,0.6301749719335326,0.495,0.5249999761581421,0.1016400368511677
3,3,reliability,8,40,0,40,0.680476725101471,0.8036609710407364,1.0,False,0.56,0.5517134289286187,0.5599999999999999,0.5930735930735931,1.2085229312033885,0.1862256222963333,0.6143756292788264,0.495,0.5249999761581421,0.1016400368511677
4,1,reliability,2,10,0,10,0.1397506594657898,0.56120077663531,1.0,False,0.6,0.601073382149427,0.6,0.7054455445544554,1.3759677108815649,0.17537124201655388,0.624826323500505,0.485,0.5099999904632568,0.1625071555376053
4,1,reliability,3,15,0,15,0.53180992603302,0.56120077663531,1.0,False,0.55,0.5371158943942742,0.55,0.6687965921192758,1.4966064504678114,0.24314803689718248,0.6906842024493833,0.485,0.5099999904632568,0.1625071555376053
4,1,reliability,4,20,0,20,0.9106525182723999,0.56120077663531,1.0,False,0.51,0.49977351648627566,0.51,0.6848691695108078,1.316354714993833,0.16969355314970017,0.6555803521746495,0.485,0.5099999904632568,0.1625071555376053
4,1,reliability,5,25,0,25,0.9054916501045227,0.56120077663531,1.0,False,0.55,0.5388647687615721,0.55,0.6762114537444934,1.2132736438406058,0.1575952896475792,0.6038672989114866,0.485,0.5099999904632568,0.1625071555376053
4,1,reliability,6,30,0,30,0.9065148830413818,0.56120077663531,1.0,False,0.555,0.5462851422811934,0.5549999999999999,0.6711560044893379,1.2032962932345224,0.1731349201500416,0.5990722799990826,0.485,0.5099999904632568,0.1625071555376053
4,1,reliability,7,35,0,35,0.933046817779541,0.56120077663531,1.0,False,0.56,0.5493764636522063,0.5599999999999999,0.6820809248554913,1.2240697075634275,0.16592519223690033,0.6102483393912531,0.485,0.5099999904632568,0.1625071555376053
4,1,reliability,8,40,0,40,0.8484441041946411,0.56120077663531,1.0,False,0.56,0.549920041455622,0.5599999999999999,0.6674285714285715,1.1812140696326536,0.1602845472097397,0.5865150099057017,0.485,0.5099999904632568,0.1625071555376053
4,2,reliability,2,10,0,10,0.016375619918107986,0.56120077663531,1.0,False,0.64,0.6430277742835612,0.64,0.6940397350993377,1.4036964531709344,0.25764867722988133,0.5984812245096987,0.485,0.5099999904632568,0.1625071555376053
4,2,reliability,3,15,0,15,0.18413934111595154,0.56120077663531,1.0,False,0.59,0.5934562732262926,0.5900000000000001,0.6903820816864294,1.5591320693041606,0.27349824532866474,0.6601198241333925,0.485,0.5099999904632568,0.1625071555376053
4,2,reliability,4,20,0,20,0.3358907997608185,0.56120077663531,1.0,False,0.595,0.5969161895253038,0.5950000000000001,0.7100271002710027,1.5438921318217738,0.23475965976715088,0.6406742029852118,0.485,0.5099999904632568,0.1625071555376053
4,2,reliability,5,25,0,25,0.6925997734069824,0.56120077663531,1.0,False,0.61,0.6117635066856157,0.61,0.7052767052767053,1.2605092654360746,0.2035925324261188,0.5666598503001571,0.485,0.5099999904632568,0.1625071555376053
4,2,reliability,6,30,0,30,0.6460073590278625,0.56120077663531,1.0,False,0.62,0.6204941186750017,0.62,0.7121588089330024,1.2811911197393302,0.18671355962753294,0.5693600372085337,0.485,0.5099999904632568,0.1625071555376053
4,2,reliability,7,35,0,35,0.7518746852874756,0.56120077663531,1.0,False,0.61,0.6120257091271584,0.61,0.7187894073139975,1.2285752286552931,0.1433794462680817,0.551793555328847,0.485,0.5099999904632568,0.1625071555376053
4,2,reliability,8,40,0,40,0.7465962767601013,0.56120077663531,1.0,False,0.595,0.597884601637838,0.595,0.7058823529411764,1.2432009877814525,0.15084789633750917,0.5664307161972819,0.485,0.5099999904632568,0.1625071555376053
4,3,reliability,2,10,0,10,0.13945019245147705,0.56120077663531,1.0,False,0.55,0.542457554957555,0.55,0.6561360874848117,1.38465082172818,0.2302425867319107,0.6477861273179724,0.485,0.5099999904632568,0.1625071555376053
4,3,reliability,3,15,0,15,0.21715590357780457,0.56120077663531,1.0,False,0.505,0.5016806722689076,0.505,0.7056019070321812,1.4604134278796586,0.25319649130105976,0.7017793451405389,0.485,0.5099999904632568,0.1625071555376053
4,3,reliability,4,20,0,20,0.264497309923172,0.56120077663531,1.0,False,0.47,0.46327879690571844,0.47000000000000003,0.7071178529754959,1.5922252766795109,0.29391716837883,0.7509953051345667,0.485,0.5099999904632568,0.1625071555376053
4,3,reliability,5,25,0,25,0.4812272787094116,0.56120077663531,1.0,False,0.495,0.4814403916247638,0.495,0.7198228128460686,1.5262908131294384,0.27531228378415107,0.7131014644244777,0.485,0.5099999904632568,0.1625071555376053
4,3,reliability,6,30,0,30,0.603595495223999,0.56120077663531,1.0,False,0.55,0.544139981374024,0.55,0.7003444316877153,1.3051271494004977,0.21602145537734033,0.6478060691653965,0.485,0.5099999904632568,0.1625071555376053
4,3,reliability,7,35,0,35,0.5425205826759338,0.56120077663531,1.0,False,0.565,0.560158911197198,0.565,0.7027649769585254,1.2880603002229956,0.21974354356527329,0.6237897446137952,0.485,0.5099999904632568,0.1625071555376053
4,3,reliability,8,40,0,40,0.49413126707077026,0.56120077663531,1.0,False,0.585,0.5837292757020361,0.585,0.703923900118906,1.2693913694904653,0.20896724700927732,0.6067581243406327,0.485,0.5099999904632568,0.1625071555376053
